entry_time,entry_price,direction,size,stop_loss,profit_target,exit_after_bar,magic_number,open_equity,exit_time,exit_price,exit_reason,profit,close_equity
2025-07-30 00:20:00.010,3788.37,short,1,3789.67,3786.8199999999997,1021,11111,10000.0,2025-07-30 00:20:00.010,3786.8199999999997,profit_target,1.550000000000182,10001.55
2025-07-30 00:21:00.118,3784.8,short,1,3786.1000000000004,3783.25,1022,11111,10001.55,2025-07-30 00:21:00.118,3783.25,profit_target,1.550000000000182,10003.099999999999
2025-07-30 00:22:00.021,3780.48,short,1,3781.78,3778.93,1023,11111,10003.099999999999,2025-07-30 00:22:00.021,3778.93,profit_target,1.550000000000182,10004.649999999998
2025-07-30 00:23:00.090,3780.99,short,1,3782.29,3779.4399999999996,1024,11111,10004.649999999998,2025-07-30 00:23:00.090,3779.4399999999996,profit_target,1.550000000000182,10006.199999999997
2025-07-30 00:24:48.905,3775.35,long,1,3774.0499999999997,3776.9,1025,11111,10006.199999999997,2025-07-30 00:25:00.849,3774.0499999999997,stop_loss,-1.300000000000182,10004.899999999998
2025-07-30 00:26:00.177,3773.12,long,1,3771.8199999999997,3774.67,1027,11111,10004.899999999998,2025-07-30 00:26:00.177,3774.67,profit_target,1.550000000000182,10006.449999999997
2025-07-30 00:27:00.159,3774.69,short,1,3775.9900000000002,3773.14,1028,11111,10006.449999999997,2025-07-30 00:27:28.430,3773.14,profit_target,1.550000000000182,10007.999999999996
2025-07-30 00:49:04.952,3758.75,short,1,3760.05,3757.2,1050,11111,10007.999999999996,2025-07-30 00:49:12.154,3757.2,profit_target,1.550000000000182,10009.549999999996
2025-07-30 00:52:40.810,3758.86,long,1,3757.56,3760.4100000000003,1053,11111,10009.549999999996,2025-07-30 00:52:42.315,3760.4100000000003,profit_target,1.550000000000182,10011.099999999995
2025-07-30 00:53:00.050,3754.23,long,1,3752.93,3755.78,1054,11111,10011.099999999995,2025-07-30 00:53:00.050,3755.78,profit_target,1.550000000000182,10012.649999999994
2025-07-30 01:15:00.271,3780.09,long,1,3778.79,3781.6400000000003,1076,11111,10012.649999999994,2025-07-30 01:15:07.406,3781.6400000000003,profit_target,1.550000000000182,10014.199999999993
2025-07-30 01:33:47.676,3783.77,long,1,3782.47,3785.32,1094,11111,10014.199999999993,2025-07-30 01:33:49.972,3785.32,profit_target,1.550000000000182,10015.749999999993
2025-07-30 01:34:00.121,3770.99,long,1,3769.6899999999996,3772.54,1095,11111,10015.749999999993,2025-07-30 01:34:00.121,3772.54,profit_target,1.550000000000182,10017.299999999992
2025-07-30 01:56:00.040,3799.0,short,1,3800.3,3797.45,1117,11111,10017.299999999992,2025-07-30 01:56:00.374,3797.45,profit_target,1.550000000000182,10018.849999999991
2025-07-30 02:12:27.100,3798.86,long,1,3797.56,3800.4100000000003,1133,11111,10018.849999999991,2025-07-30 02:12:32.748,3800.4100000000003,profit_target,1.550000000000182,10020.39999999999
2025-07-30 02:34:00.045,3802.89,long,1,3801.5899999999997,3804.44,1155,11111,10020.39999999999,2025-07-30 02:34:00.045,3804.44,profit_target,1.550000000000182,10021.94999999999
2025-07-30 02:35:00.103,3806.5,long,1,3805.2,3808.05,1156,11111,10021.94999999999,2025-07-30 02:35:00.103,3808.05,profit_target,1.550000000000182,10023.499999999989
2025-07-30 02:36:00.075,3808.91,long,1,3807.6099999999997,3810.46,1157,11111,10023.499999999989,2025-07-30 02:36:05.544,3810.46,profit_target,1.550000000000182,10025.049999999988
2025-07-30 02:37:00.077,3813.18,short,1,3814.48,3811.6299999999997,1158,11111,10025.049999999988,2025-07-30 02:37:00.077,3811.6299999999997,profit_target,1.550000000000182,10026.599999999988
2025-07-30 02:38:00.067,3809.22,short,1,3810.52,3807.6699999999996,1159,11111,10026.599999999988,2025-07-30 02:38:00.067,3807.6699999999996,profit_target,1.550000000000182,10028.149999999987
2025-07-30 02:39:00.267,3809.8,short,1,3811.1000000000004,3808.25,1160,11111,10028.149999999987,2025-07-30 02:39:00.267,3808.25,profit_target,1.550000000000182,10029.699999999986
2025-07-30 02:40:00.163,3807.58,short,1,3808.88,3806.0299999999997,1161,11111,10029.699999999986,2025-07-30 02:40:00.163,3806.0299999999997,profit_target,1.550000000000182,10031.249999999985
2025-07-30 03:02:28.850,3811.07,long,1,3809.77,3812.6200000000003,1183,11111,10031.249999999985,2025-07-30 03:02:42.505,3812.6200000000003,profit_target,1.550000000000182,10032.799999999985
2025-07-30 03:03:00.438,3809.63,long,1,3808.33,3811.1800000000003,1184,11111,10032.799999999985,2025-07-30 03:03:00.438,3811.1800000000003,profit_target,1.550000000000182,10034.349999999984
2025-07-30 03:05:33.540,3809.12,short,1,3810.42,3807.5699999999997,1186,11111,10034.349999999984,2025-07-30 03:05:41.422,3807.5699999999997,profit_target,1.550000000000182,10035.899999999983
2025-07-30 03:06:00.132,3814.24,short,1,3815.54,3812.6899999999996,1187,11111,10035.899999999983,2025-07-30 03:06:00.132,3812.6899999999996,profit_target,1.550000000000182,10037.449999999983
2025-07-30 03:07:00.021,3811.0,short,1,3812.3,3809.45,1188,11111,10037.449999999983,2025-07-30 03:07:00.021,3809.45,profit_target,1.550000000000182,10038.999999999982
2025-07-30 03:08:00.370,3807.0,long,1,3805.7,3808.55,1189,11111,10038.999999999982,2025-07-30 03:09:33.446,3808.55,profit_target,1.550000000000182,10040.549999999981
2025-07-30 03:12:39.043,3807.78,short,1,3809.0800000000004,3806.23,1193,11111,10040.549999999981,2025-07-30 03:13:45.234,3809.0800000000004,stop_loss,-1.300000000000182,10039.249999999982
2025-07-30 03:14:00.146,3810.0,long,1,3808.7,3811.55,1195,11111,10039.249999999982,2025-07-30 03:14:25.807,3811.55,profit_target,1.550000000000182,10040.799999999981
2025-07-30 03:36:00.377,3815.84,long,1,3814.54,3817.3900000000003,1217,11111,10040.799999999981,2025-07-30 03:36:02.127,3817.3900000000003,profit_target,1.550000000000182,10042.34999999998
2025-07-30 03:37:02.787,3816.49,short,1,3817.79,3814.9399999999996,1218,11111,10042.34999999998,2025-07-30 03:37:46.021,3817.79,stop_loss,-1.300000000000182,10041.049999999981
2025-07-30 03:38:00.026,3817.32,long,1,3816.02,3818.8700000000003,1219,11111,10041.049999999981,2025-07-30 03:38:06.523,3818.8700000000003,profit_target,1.550000000000182,10042.59999999998
2025-07-30 03:42:08.145,3817.0,short,1,3818.3,3815.45,1223,11111,10042.59999999998,2025-07-30 03:42:59.001,3818.3,stop_loss,-1.300000000000182,10041.299999999981
2025-07-30 03:50:54.657,3819.5,long,1,3818.2,3821.05,1231,11111,10041.299999999981,2025-07-30 03:51:53.782,3821.05,profit_target,1.550000000000182,10042.84999999998
2025-07-30 03:57:34.740,3814.84,short,1,3816.1400000000003,3813.29,1238,11111,10042.84999999998,2025-07-30 03:59:17.424,3816.1400000000003,stop_loss,-1.300000000000182,10041.549999999981
2025-07-30 04:21:00.006,3816.11,long,1,3814.81,3817.6600000000003,1262,11111,10041.549999999981,2025-07-30 04:21:00.006,3817.6600000000003,profit_target,1.550000000000182,10043.09999999998
2025-07-30 04:22:00.592,3816.51,long,1,3815.21,3818.0600000000004,1263,11111,10043.09999999998,2025-07-30 04:22:00.592,3818.0600000000004,profit_target,1.550000000000182,10044.64999999998
2025-07-30 04:25:15.347,3820.23,long,1,3818.93,3821.78,1266,11111,10044.64999999998,2025-07-30 04:25:57.160,3818.93,stop_loss,-1.300000000000182,10043.34999999998
2025-07-30 04:26:09.886,3818.78,long,1,3817.48,3820.3300000000004,1267,11111,10043.34999999998,2025-07-30 04:27:34.065,3820.3300000000004,profit_target,1.550000000000182,10044.89999999998
2025-07-30 04:28:16.640,3818.48,short,1,3819.78,3816.93,1269,11111,10044.89999999998,2025-07-30 04:28:35.238,3816.93,profit_target,1.550000000000182,10046.449999999979
2025-07-30 04:29:00.006,3818.99,short,1,3820.29,3817.4399999999996,1270,11111,10046.449999999979,2025-07-30 04:29:00.006,3817.4399999999996,profit_target,1.550000000000182,10047.999999999978
2025-07-30 05:09:00.062,3801.39,short,1,3802.69,3799.8399999999997,1310,11111,10047.999999999978,2025-07-30 05:09:12.775,3799.8399999999997,profit_target,1.550000000000182,10049.549999999977
2025-07-30 05:10:00.022,3809.66,short,1,3810.96,3808.1099999999997,1311,11111,10049.549999999977,2025-07-30 05:10:00.022,3808.1099999999997,profit_target,1.550000000000182,10051.099999999977
2025-07-30 05:11:00.343,3801.61,short,1,3802.9100000000003,3800.06,1312,11111,10051.099999999977,2025-07-30 05:11:00.343,3800.06,profit_target,1.550000000000182,10052.649999999976
2025-07-30 05:12:00.152,3797.09,short,1,3798.3900000000003,3795.54,1313,11111,10052.649999999976,2025-07-30 05:12:00.462,3795.54,profit_target,1.550000000000182,10054.199999999975
2025-07-30 05:19:23.016,3796.78,long,1,3795.48,3798.3300000000004,1320,11111,10054.199999999975,2025-07-30 05:19:28.712,3798.3300000000004,profit_target,1.550000000000182,10055.749999999975
2025-07-30 05:20:00.059,3792.62,long,1,3791.3199999999997,3794.17,1321,11111,10055.749999999975,2025-07-30 05:20:00.059,3794.17,profit_target,1.550000000000182,10057.299999999974
2025-07-30 05:21:00.054,3795.0,long,1,3793.7,3796.55,1322,11111,10057.299999999974,2025-07-30 05:21:00.054,3796.55,profit_target,1.550000000000182,10058.849999999973
2025-07-30 05:23:21.930,3799.28,long,1,3797.98,3800.8300000000004,1324,11111,10058.849999999973,2025-07-30 05:23:30.977,3800.8300000000004,profit_target,1.550000000000182,10060.399999999972
2025-07-30 05:46:04.148,3804.26,long,1,3802.96,3805.8100000000004,1347,11111,10060.399999999972,2025-07-30 05:46:33.606,3802.96,stop_loss,-1.300000000000182,10059.099999999973
2025-07-30 05:48:51.064,3802.99,long,1,3801.6899999999996,3804.54,1349,11111,10059.099999999973,2025-07-30 05:48:51.192,3804.54,profit_target,1.550000000000182,10060.649999999972
2025-07-30 06:10:06.973,3813.29,long,1,3811.99,3814.84,1371,11111,10060.649999999972,2025-07-30 06:10:57.399,3814.84,profit_target,1.550000000000182,10062.199999999972
2025-07-30 06:11:00.134,3813.99,long,1,3812.6899999999996,3815.54,1372,11111,10062.199999999972,2025-07-30 06:11:07.392,3815.54,profit_target,1.550000000000182,10063.74999999997
2025-07-30 06:33:32.043,3822.08,short,1,3823.38,3820.5299999999997,1394,11111,10063.74999999997,2025-07-30 06:34:02.967,3820.5299999999997,profit_target,1.550000000000182,10065.29999999997
2025-07-30 06:40:59.820,3823.32,long,1,3822.02,3824.8700000000003,1401,11111,10065.29999999997,2025-07-30 06:42:18.679,3824.8700000000003,profit_target,1.550000000000182,10066.84999999997
2025-07-30 06:43:00.007,3823.4,long,1,3822.1,3824.9500000000003,1404,11111,10066.84999999997,2025-07-30 06:43:00.007,3824.9500000000003,profit_target,1.550000000000182,10068.399999999969
2025-07-30 06:44:00.394,3824.63,short,1,3825.9300000000003,3823.08,1405,11111,10068.399999999969,2025-07-30 06:44:21.051,3823.08,profit_target,1.550000000000182,10069.949999999968
2025-07-30 06:45:00.038,3827.39,short,1,3828.69,3825.8399999999997,1406,11111,10069.949999999968,2025-07-30 06:45:00.038,3825.8399999999997,profit_target,1.550000000000182,10071.499999999967
2025-07-30 06:46:00.143,3824.78,short,1,3826.0800000000004,3823.23,1407,11111,10071.499999999967,2025-07-30 06:46:00.143,3823.23,profit_target,1.550000000000182,10073.049999999967
2025-07-30 06:47:45.602,3824.13,short,1,3825.4300000000003,3822.58,1408,11111,10073.049999999967,2025-07-30 06:47:51.995,3825.4300000000003,stop_loss,-1.300000000000182,10071.749999999967
2025-07-30 06:48:00.051,3822.49,long,1,3821.1899999999996,3824.04,1409,11111,10071.749999999967,2025-07-30 06:48:00.051,3824.04,profit_target,1.550000000000182,10073.299999999967
2025-07-30 06:49:18.040,3824.99,short,1,3826.29,3823.4399999999996,1410,11111,10073.299999999967,2025-07-30 06:49:59.756,3826.29,stop_loss,-1.300000000000182,10071.999999999967
2025-07-30 06:50:00.211,3825.34,long,1,3824.04,3826.8900000000003,1411,11111,10071.999999999967,2025-07-30 06:52:06.515,3826.8900000000003,profit_target,1.550000000000182,10073.549999999967
2025-07-30 06:53:00.041,3825.47,long,1,3824.1699999999996,3827.02,1414,11111,10073.549999999967,2025-07-30 06:53:00.041,3827.02,profit_target,1.550000000000182,10075.099999999966
2025-07-30 06:54:03.431,3826.56,short,1,3827.86,3825.0099999999998,1415,11111,10075.099999999966,2025-07-30 06:54:08.951,3825.0099999999998,profit_target,1.550000000000182,10076.649999999965
2025-07-30 06:55:00.000,3827.44,short,1,3828.7400000000002,3825.89,1416,11111,10076.649999999965,2025-07-30 06:55:00.000,3825.89,profit_target,1.550000000000182,10078.199999999964
2025-07-30 06:56:00.191,3826.95,short,1,3828.25,3825.3999999999996,1417,11111,10078.199999999964,2025-07-30 06:57:24.703,3825.3999999999996,profit_target,1.550000000000182,10079.749999999964
2025-07-30 07:03:53.782,3826.33,long,1,3825.0299999999997,3827.88,1424,11111,10079.749999999964,2025-07-30 07:04:04.117,3827.88,profit_target,1.550000000000182,10081.299999999963
2025-07-30 07:09:56.828,3825.82,short,1,3827.1200000000003,3824.27,1430,11111,10081.299999999963,2025-07-30 07:10:08.290,3824.27,profit_target,1.550000000000182,10082.849999999962
2025-07-30 07:11:00.050,3830.22,short,1,3831.52,3828.6699999999996,1432,11111,10082.849999999962,2025-07-30 07:11:00.050,3828.6699999999996,profit_target,1.550000000000182,10084.399999999961
2025-07-30 07:12:00.128,3824.88,short,1,3826.1800000000003,3823.33,1433,11111,10084.399999999961,2025-07-30 07:12:00.128,3823.33,profit_target,1.550000000000182,10085.94999999996
2025-07-30 07:13:00.188,3820.19,short,1,3821.4900000000002,3818.64,1434,11111,10085.94999999996,2025-07-30 07:13:00.188,3818.64,profit_target,1.550000000000182,10087.49999999996
2025-07-30 07:14:33.673,3818.37,long,1,3817.0699999999997,3819.92,1435,11111,10087.49999999996,2025-07-30 07:14:48.653,3817.0699999999997,stop_loss,-1.300000000000182,10086.19999999996
2025-07-30 07:15:00.085,3817.23,long,1,3815.93,3818.78,1436,11111,10086.19999999996,2025-07-30 07:15:00.285,3818.78,profit_target,1.550000000000182,10087.74999999996
2025-07-30 07:16:00.175,3816.91,long,1,3815.6099999999997,3818.46,1437,11111,10087.74999999996,2025-07-30 07:16:09.876,3815.6099999999997,stop_loss,-1.300000000000182,10086.44999999996
2025-07-30 07:18:04.241,3818.65,long,1,3817.35,3820.2000000000003,1439,11111,10086.44999999996,2025-07-30 07:18:14.912,3817.35,stop_loss,-1.300000000000182,10085.149999999961
2025-07-30 07:19:43.835,3816.74,long,1,3815.4399999999996,3818.29,1440,11111,10085.149999999961,2025-07-30 07:19:56.213,3815.4399999999996,stop_loss,-1.300000000000182,10083.849999999962
2025-07-30 07:20:01.387,3816.99,long,1,3815.6899999999996,3818.54,1441,11111,10083.849999999962,2025-07-30 07:20:04.024,3815.6899999999996,stop_loss,-1.300000000000182,10082.549999999963
2025-07-30 07:25:18.194,3815.0,short,1,3816.3,3813.45,1446,11111,10082.549999999963,2025-07-30 07:25:31.901,3816.3,stop_loss,-1.300000000000182,10081.249999999964
2025-07-30 07:27:28.158,3818.1,long,1,3816.7999999999997,3819.65,1448,11111,10081.249999999964,2025-07-30 07:27:40.465,3819.65,profit_target,1.550000000000182,10082.799999999963
2025-07-30 07:39:31.833,3816.2,short,1,3817.5,3814.6499999999996,1460,11111,10082.799999999963,2025-07-30 07:40:03.220,3814.6499999999996,profit_target,1.550000000000182,10084.349999999962
2025-07-30 07:41:00.142,3821.61,short,1,3822.9100000000003,3820.06,1462,11111,10084.349999999962,2025-07-30 07:41:00.142,3820.06,profit_target,1.550000000000182,10085.899999999961
2025-07-30 07:43:05.482,3815.54,long,1,3814.24,3817.09,1464,11111,10085.899999999961,2025-07-30 07:43:22.751,3817.09,profit_target,1.550000000000182,10087.44999999996
2025-07-30 07:44:00.011,3814.66,long,1,3813.3599999999997,3816.21,1465,11111,10087.44999999996,2025-07-30 07:44:00.011,3816.21,profit_target,1.550000000000182,10088.99999999996
2025-07-30 07:45:00.015,3814.27,long,1,3812.97,3815.82,1466,11111,10088.99999999996,2025-07-30 07:45:00.015,3815.82,profit_target,1.550000000000182,10090.54999999996
2025-07-30 08:11:34.364,3812.51,short,1,3813.8100000000004,3810.96,1492,11111,10090.54999999996,2025-07-30 08:11:44.329,3810.96,profit_target,1.550000000000182,10092.099999999959
2025-07-30 08:29:57.289,3815.83,long,1,3814.5299999999997,3817.38,1510,11111,10092.099999999959,2025-07-30 08:29:57.289,3814.5299999999997,stop_loss,-1.300000000000182,10090.79999999996
2025-07-30 08:32:04.194,3809.85,short,1,3811.15,3808.2999999999997,1513,11111,10090.79999999996,2025-07-30 08:32:21.980,3808.2999999999997,profit_target,1.550000000000182,10092.349999999959
2025-07-30 08:33:00.060,3815.94,short,1,3817.2400000000002,3814.39,1514,11111,10092.349999999959,2025-07-30 08:33:00.060,3814.39,profit_target,1.550000000000182,10093.899999999958
2025-07-30 08:34:00.051,3810.19,short,1,3811.4900000000002,3808.64,1515,11111,10093.899999999958,2025-07-30 08:34:00.051,3808.64,profit_target,1.550000000000182,10095.449999999957
2025-07-30 08:35:00.026,3809.94,long,1,3808.64,3811.4900000000002,1516,11111,10095.449999999957,2025-07-30 08:35:00.026,3811.4900000000002,profit_target,1.550000000000182,10096.999999999956
2025-07-30 09:18:00.173,3803.86,long,1,3802.56,3805.4100000000003,1559,11111,10096.999999999956,2025-07-30 09:18:02.603,3805.4100000000003,profit_target,1.550000000000182,10098.549999999956
2025-07-30 09:20:14.061,3804.99,long,1,3803.6899999999996,3806.54,1561,11111,10098.549999999956,2025-07-30 09:20:19.286,3806.54,profit_target,1.550000000000182,10100.099999999955
2025-07-30 09:21:00.124,3803.77,short,1,3805.07,3802.22,1562,11111,10100.099999999955,2025-07-30 09:22:03.374,3805.07,stop_loss,-1.300000000000182,10098.799999999956
2025-07-30 09:23:39.894,3803.43,short,1,3804.73,3801.8799999999997,1564,11111,10098.799999999956,2025-07-30 09:24:50.824,3801.8799999999997,profit_target,1.550000000000182,10100.349999999955
2025-07-30 09:46:09.850,3779.48,long,1,3778.18,3781.03,1587,11111,10100.349999999955,2025-07-30 09:46:20.564,3781.03,profit_target,1.550000000000182,10101.899999999954
2025-07-30 09:47:00.067,3778.0,long,1,3776.7,3779.55,1588,11111,10101.899999999954,2025-07-30 09:47:00.067,3779.55,profit_target,1.550000000000182,10103.449999999953
2025-07-30 09:48:16.853,3779.04,short,1,3780.34,3777.49,1589,11111,10103.449999999953,2025-07-30 09:49:03.152,3780.34,stop_loss,-1.300000000000182,10102.149999999954
2025-07-30 09:50:00.050,3781.63,short,1,3782.9300000000003,3780.08,1591,11111,10102.149999999954,2025-07-30 09:50:45.813,3782.9300000000003,stop_loss,-1.300000000000182,10100.849999999955
2025-07-30 10:12:00.048,3791.48,long,1,3790.18,3793.03,1613,11111,10100.849999999955,2025-07-30 10:12:00.048,3793.03,profit_target,1.550000000000182,10102.399999999954
2025-07-30 10:17:12.303,3793.99,short,1,3795.29,3792.4399999999996,1618,11111,10102.399999999954,2025-07-30 10:17:29.445,3792.4399999999996,profit_target,1.550000000000182,10103.949999999953
2025-07-30 10:18:00.040,3796.8,short,1,3798.1000000000004,3795.25,1619,11111,10103.949999999953,2025-07-30 10:18:00.040,3795.25,profit_target,1.550000000000182,10105.499999999953
2025-07-30 10:19:00.148,3794.49,short,1,3795.79,3792.9399999999996,1620,11111,10105.499999999953,2025-07-30 10:19:00.148,3792.9399999999996,profit_target,1.550000000000182,10107.049999999952
2025-07-30 10:20:00.255,3789.37,long,1,3788.0699999999997,3790.92,1621,11111,10107.049999999952,2025-07-30 10:20:00.255,3790.92,profit_target,1.550000000000182,10108.599999999951
2025-07-30 10:21:00.233,3791.53,long,1,3790.23,3793.0800000000004,1622,11111,10108.599999999951,2025-07-30 10:21:00.233,3793.0800000000004,profit_target,1.550000000000182,10110.14999999995
2025-07-30 10:22:00.142,3794.9,long,1,3793.6,3796.4500000000003,1623,11111,10110.14999999995,2025-07-30 10:22:00.142,3796.4500000000003,profit_target,1.550000000000182,10111.69999999995
2025-07-30 10:23:00.220,3795.49,long,1,3794.1899999999996,3797.04,1624,11111,10111.69999999995,2025-07-30 10:23:01.702,3797.04,profit_target,1.550000000000182,10113.249999999949
2025-07-30 10:24:00.048,3798.41,long,1,3797.1099999999997,3799.96,1625,11111,10113.249999999949,2025-07-30 10:25:40.847,3799.96,profit_target,1.550000000000182,10114.799999999948
2025-07-30 10:26:00.429,3798.89,long,1,3797.5899999999997,3800.44,1627,11111,10114.799999999948,2025-07-30 10:26:00.429,3800.44,profit_target,1.550000000000182,10116.349999999948
2025-07-30 10:27:00.125,3799.36,short,1,3800.6600000000003,3797.81,1628,11111,10116.349999999948,2025-07-30 10:27:00.125,3797.81,profit_target,1.550000000000182,10117.899999999947
2025-07-30 10:28:00.197,3800.97,short,1,3802.27,3799.4199999999996,1629,11111,10117.899999999947,2025-07-30 10:28:00.197,3799.4199999999996,profit_target,1.550000000000182,10119.449999999946
2025-07-30 10:30:01.429,3796.58,short,1,3797.88,3795.0299999999997,1631,11111,10119.449999999946,2025-07-30 10:30:12.814,3795.0299999999997,profit_target,1.550000000000182,10120.999999999945
2025-07-30 10:33:12.535,3797.99,long,1,3796.6899999999996,3799.54,1634,11111,10120.999999999945,2025-07-30 10:34:26.289,3796.6899999999996,stop_loss,-1.300000000000182,10119.699999999946
2025-07-30 10:35:07.215,3797.36,long,1,3796.06,3798.9100000000003,1636,11111,10119.699999999946,2025-07-30 10:36:23.218,3798.9100000000003,profit_target,1.550000000000182,10121.249999999945
2025-07-30 10:37:00.216,3795.31,long,1,3794.0099999999998,3796.86,1638,11111,10121.249999999945,2025-07-30 10:37:00.216,3796.86,profit_target,1.550000000000182,10122.799999999945
2025-07-30 10:47:24.447,3798.59,short,1,3799.8900000000003,3797.04,1648,11111,10122.799999999945,2025-07-30 10:47:39.388,3797.04,profit_target,1.550000000000182,10124.349999999944
2025-07-30 11:16:26.541,3777.18,short,1,3778.48,3775.6299999999997,1677,11111,10124.349999999944,2025-07-30 11:16:49.614,3775.6299999999997,profit_target,1.550000000000182,10125.899999999943
2025-07-30 11:17:00.008,3780.18,short,1,3781.48,3778.6299999999997,1678,11111,10125.899999999943,2025-07-30 11:17:00.008,3778.6299999999997,profit_target,1.550000000000182,10127.449999999943
2025-07-30 11:18:00.012,3777.69,short,1,3778.9900000000002,3776.14,1679,11111,10127.449999999943,2025-07-30 11:18:00.012,3776.14,profit_target,1.550000000000182,10128.999999999942
2025-07-30 11:19:00.018,3774.13,short,1,3775.4300000000003,3772.58,1680,11111,10128.999999999942,2025-07-30 11:19:00.018,3772.58,profit_target,1.550000000000182,10130.549999999941
2025-07-30 11:20:00.007,3770.26,short,1,3771.5600000000004,3768.71,1681,11111,10130.549999999941,2025-07-30 11:20:00.007,3768.71,profit_target,1.550000000000182,10132.09999999994
2025-07-30 11:21:00.395,3764.99,short,1,3766.29,3763.4399999999996,1682,11111,10132.09999999994,2025-07-30 11:21:06.187,3766.29,stop_loss,-1.300000000000182,10130.799999999941
2025-07-30 11:22:33.214,3764.57,short,1,3765.8700000000003,3763.02,1683,11111,10130.799999999941,2025-07-30 11:22:41.726,3765.8700000000003,stop_loss,-1.300000000000182,10129.499999999942
2025-07-30 11:23:00.013,3764.15,long,1,3762.85,3765.7000000000003,1684,11111,10129.499999999942,2025-07-30 11:23:00.013,3765.7000000000003,profit_target,1.550000000000182,10131.049999999941
2025-07-30 11:45:00.024,3760.74,short,1,3762.04,3759.1899999999996,1706,11111,10131.049999999941,2025-07-30 11:45:00.024,3759.1899999999996,profit_target,1.550000000000182,10132.59999999994
2025-07-30 11:47:59.253,3753.9,short,1,3755.2000000000003,3752.35,1708,11111,10132.59999999994,2025-07-30 11:48:11.901,3755.2000000000003,stop_loss,-1.300000000000182,10131.299999999941
2025-07-30 12:00:20.646,3757.74,long,1,3756.4399999999996,3759.29,1721,11111,10131.299999999941,2025-07-30 12:00:44.483,3756.4399999999996,stop_loss,-1.300000000000182,10129.999999999942
2025-07-30 12:01:00.011,3755.54,long,1,3754.24,3757.09,1722,11111,10129.999999999942,2025-07-30 12:01:17.774,3754.24,stop_loss,-1.300000000000182,10128.699999999943
2025-07-30 12:03:35.005,3756.61,long,1,3755.31,3758.1600000000003,1724,11111,10128.699999999943,2025-07-30 12:03:55.585,3758.1600000000003,profit_target,1.550000000000182,10130.249999999942
2025-07-30 12:10:53.194,3750.65,short,1,3751.9500000000003,3749.1,1731,11111,10130.249999999942,2025-07-30 12:11:11.498,3749.1,profit_target,1.550000000000182,10131.799999999941
2025-07-30 12:12:00.005,3754.16,short,1,3755.46,3752.6099999999997,1733,11111,10131.799999999941,2025-07-30 12:12:00.005,3752.6099999999997,profit_target,1.550000000000182,10133.34999999994
2025-07-30 12:13:00.131,3751.0,long,1,3749.7,3752.55,1734,11111,10133.34999999994,2025-07-30 12:13:00.131,3752.55,profit_target,1.550000000000182,10134.89999999994
2025-07-30 12:14:00.155,3748.69,long,1,3747.39,3750.2400000000002,1735,11111,10134.89999999994,2025-07-30 12:14:00.155,3750.2400000000002,profit_target,1.550000000000182,10136.449999999939
2025-07-30 12:15:14.320,3754.53,short,1,3755.8300000000004,3752.98,1736,11111,10136.449999999939,2025-07-30 12:15:23.641,3752.98,profit_target,1.550000000000182,10137.999999999938
2025-07-30 12:16:00.168,3758.89,short,1,3760.19,3757.3399999999997,1737,11111,10137.999999999938,2025-07-30 12:16:00.168,3757.3399999999997,profit_target,1.550000000000182,10139.549999999937
2025-07-30 12:17:00.007,3758.56,short,1,3759.86,3757.0099999999998,1738,11111,10139.549999999937,2025-07-30 12:17:00.007,3757.0099999999998,profit_target,1.550000000000182,10141.099999999937
2025-07-30 12:18:00.058,3749.7,long,1,3748.3999999999996,3751.25,1739,11111,10141.099999999937,2025-07-30 12:18:00.058,3751.25,profit_target,1.550000000000182,10142.649999999936
2025-07-30 12:19:12.878,3755.17,long,1,3753.87,3756.7200000000003,1740,11111,10142.649999999936,2025-07-30 12:19:27.060,3753.87,stop_loss,-1.300000000000182,10141.349999999937
2025-07-30 12:42:36.764,3771.26,short,1,3772.5600000000004,3769.71,1763,11111,10141.349999999937,2025-07-30 12:42:45.626,3769.71,profit_target,1.550000000000182,10142.899999999936
2025-07-30 12:43:25.658,3774.72,long,1,3773.4199999999996,3776.27,1764,11111,10142.899999999936,2025-07-30 12:43:46.897,3773.4199999999996,stop_loss,-1.300000000000182,10141.599999999937
2025-07-30 13:05:00.005,3772.5,short,1,3773.8,3770.95,1786,11111,10141.599999999937,2025-07-30 13:05:00.005,3770.95,profit_target,1.550000000000182,10143.149999999936
2025-07-30 13:06:20.204,3773.37,long,1,3772.0699999999997,3774.92,1787,11111,10143.149999999936,2025-07-30 13:06:27.012,3774.92,profit_target,1.550000000000182,10144.699999999935
2025-07-30 13:14:29.028,3767.43,short,1,3768.73,3765.8799999999997,1795,11111,10144.699999999935,2025-07-30 13:14:32.538,3765.8799999999997,profit_target,1.550000000000182,10146.249999999935
2025-07-30 13:15:37.478,3775.41,long,1,3774.1099999999997,3776.96,1796,11111,10146.249999999935,2025-07-30 13:15:41.336,3774.1099999999997,stop_loss,-1.300000000000182,10144.949999999935
2025-07-30 13:16:00.010,3777.15,short,1,3778.4500000000003,3775.6,1797,11111,10144.949999999935,2025-07-30 13:16:00.010,3775.6,profit_target,1.550000000000182,10146.499999999935
2025-07-30 13:17:00.000,3769.64,long,1,3768.3399999999997,3771.19,1798,11111,10146.499999999935,2025-07-30 13:17:00.000,3771.19,profit_target,1.550000000000182,10148.049999999934
2025-07-30 13:39:00.039,3763.11,long,1,3761.81,3764.6600000000003,1820,11111,10148.049999999934,2025-07-30 13:39:00.039,3764.6600000000003,profit_target,1.550000000000182,10149.599999999933
2025-07-30 13:40:00.007,3766.23,short,1,3767.53,3764.68,1821,11111,10149.599999999933,2025-07-30 13:40:09.863,3764.68,profit_target,1.550000000000182,10151.149999999932
2025-07-30 13:41:00.013,3769.49,short,1,3770.79,3767.9399999999996,1822,11111,10151.149999999932,2025-07-30 13:41:00.013,3767.9399999999996,profit_target,1.550000000000182,10152.699999999932
2025-07-30 13:42:29.029,3765.6,short,1,3766.9,3764.0499999999997,1823,11111,10152.699999999932,2025-07-30 13:42:40.601,3766.9,stop_loss,-1.300000000000182,10151.399999999932
2025-07-30 13:43:50.069,3767.77,long,1,3766.47,3769.32,1824,11111,10151.399999999932,2025-07-30 13:43:59.535,3766.47,stop_loss,-1.300000000000182,10150.099999999933
2025-07-30 13:44:00.010,3769.4,short,1,3770.7000000000003,3767.85,1825,11111,10150.099999999933,2025-07-30 13:44:00.010,3767.85,profit_target,1.550000000000182,10151.649999999932
2025-07-30 13:49:37.221,3761.78,short,1,3763.0800000000004,3760.23,1830,11111,10151.649999999932,2025-07-30 13:49:59.150,3760.23,profit_target,1.550000000000182,10153.199999999932
2025-07-30 13:50:00.007,3764.09,short,1,3765.3900000000003,3762.54,1831,11111,10153.199999999932,2025-07-30 13:50:00.007,3762.54,profit_target,1.550000000000182,10154.74999999993
2025-07-30 13:57:12.282,3767.49,long,1,3766.1899999999996,3769.04,1838,11111,10154.74999999993,2025-07-30 13:57:23.480,3766.1899999999996,stop_loss,-1.300000000000182,10153.449999999932
2025-07-30 13:58:00.018,3761.62,long,1,3760.3199999999997,3763.17,1839,11111,10153.449999999932,2025-07-30 13:58:00.018,3763.17,profit_target,1.550000000000182,10154.99999999993
2025-07-30 14:41:00.022,3780.68,long,1,3779.3799999999997,3782.23,1882,11111,10154.99999999993,2025-07-30 14:41:00.022,3782.23,profit_target,1.550000000000182,10156.54999999993
2025-07-30 14:42:00.016,3784.08,long,1,3782.7799999999997,3785.63,1883,11111,10156.54999999993,2025-07-30 14:42:00.016,3785.63,profit_target,1.550000000000182,10158.09999999993
2025-07-30 14:43:00.135,3792.01,short,1,3793.3100000000004,3790.46,1884,11111,10158.09999999993,2025-07-30 14:43:00.135,3790.46,profit_target,1.550000000000182,10159.649999999929
2025-07-30 14:44:00.039,3791.61,long,1,3790.31,3793.1600000000003,1885,11111,10159.649999999929,2025-07-30 14:44:11.240,3793.1600000000003,profit_target,1.550000000000182,10161.199999999928
2025-07-30 14:45:19.952,3789.71,short,1,3791.01,3788.16,1886,11111,10161.199999999928,2025-07-30 14:45:27.118,3791.01,stop_loss,-1.300000000000182,10159.899999999929
2025-07-30 15:06:43.537,3792.53,short,1,3793.8300000000004,3790.98,1907,11111,10159.899999999929,2025-07-30 15:07:02.351,3790.98,profit_target,1.550000000000182,10161.449999999928
2025-07-30 15:34:29.029,3786.39,long,1,3785.0899999999997,3787.94,1935,11111,10161.449999999928,2025-07-30 15:34:29.029,3785.0899999999997,stop_loss,-1.300000000000182,10160.149999999929
2025-07-30 15:35:00.018,3778.0,long,1,3776.7,3779.55,1936,11111,10160.149999999929,2025-07-30 15:35:00.018,3779.55,profit_target,1.550000000000182,10161.699999999928
2025-07-30 15:36:00.056,3782.45,long,1,3781.1499999999996,3784.0,1937,11111,10161.699999999928,2025-07-30 15:36:00.056,3784.0,profit_target,1.550000000000182,10163.249999999927
2025-07-30 15:37:00.023,3786.83,long,1,3785.5299999999997,3788.38,1938,11111,10163.249999999927,2025-07-30 15:37:00.023,3788.38,profit_target,1.550000000000182,10164.799999999927
2025-07-30 15:38:00.022,3787.74,long,1,3786.4399999999996,3789.29,1939,11111,10164.799999999927,2025-07-30 15:38:00.022,3789.29,profit_target,1.550000000000182,10166.349999999926
2025-07-30 15:40:07.211,3791.39,long,1,3790.0899999999997,3792.94,1941,11111,10166.349999999926,2025-07-30 15:40:11.224,3792.94,profit_target,1.550000000000182,10167.899999999925
2025-07-30 15:41:00.061,3790.08,long,1,3788.7799999999997,3791.63,1942,11111,10167.899999999925,2025-07-30 15:41:00.061,3791.63,profit_target,1.550000000000182,10169.449999999924
2025-07-30 15:42:02.264,3790.71,short,1,3792.01,3789.16,1943,11111,10169.449999999924,2025-07-30 15:42:34.192,3789.16,profit_target,1.550000000000182,10170.999999999924
2025-07-30 15:43:00.200,3792.64,short,1,3793.94,3791.0899999999997,1944,11111,10170.999999999924,2025-07-30 15:43:00.200,3791.0899999999997,profit_target,1.550000000000182,10172.549999999923
2025-07-30 15:44:00.008,3792.07,short,1,3793.3700000000003,3790.52,1945,11111,10172.549999999923,2025-07-30 15:44:00.008,3790.52,profit_target,1.550000000000182,10174.099999999922
2025-07-30 15:45:05.269,3790.58,long,1,3789.2799999999997,3792.13,1946,11111,10174.099999999922,2025-07-30 15:46:07.081,3792.13,profit_target,1.550000000000182,10175.649999999921
2025-07-30 15:51:02.984,3790.41,short,1,3791.71,3788.8599999999997,1952,11111,10175.649999999921,2025-07-30 15:51:07.773,3788.8599999999997,profit_target,1.550000000000182,10177.19999999992
2025-07-30 15:52:00.092,3794.98,short,1,3796.28,3793.43,1953,11111,10177.19999999992,2025-07-30 15:52:02.771,3793.43,profit_target,1.550000000000182,10178.74999999992
2025-07-30 15:57:01.208,3791.53,short,1,3792.8300000000004,3789.98,1958,11111,10178.74999999992,2025-07-30 15:57:10.133,3792.8300000000004,stop_loss,-1.300000000000182,10177.44999999992
2025-07-30 16:17:09.763,3797.74,long,1,3796.4399999999996,3799.29,1978,11111,10177.44999999992,2025-07-30 16:17:18.405,3799.29,profit_target,1.550000000000182,10178.99999999992
2025-07-30 16:18:00.012,3790.99,long,1,3789.6899999999996,3792.54,1979,11111,10178.99999999992,2025-07-30 16:18:00.012,3792.54,profit_target,1.550000000000182,10180.54999999992
2025-07-30 16:36:25.554,3795.52,short,1,3796.82,3793.97,1997,11111,10180.54999999992,2025-07-30 16:36:32.023,3793.97,profit_target,1.550000000000182,10182.099999999919
2025-07-30 16:58:01.368,3788.42,short,1,3789.7200000000003,3786.87,2019,11111,10182.099999999919,2025-07-30 16:58:49.623,3789.7200000000003,stop_loss,-1.300000000000182,10180.79999999992
2025-07-30 16:59:00.234,3788.79,long,1,3787.49,3790.34,2020,11111,10180.79999999992,2025-07-30 16:59:00.234,3790.34,profit_target,1.550000000000182,10182.349999999919
2025-07-30 17:21:00.264,3801.28,long,1,3799.98,3802.8300000000004,2042,11111,10182.349999999919,2025-07-30 17:21:00.264,3802.8300000000004,profit_target,1.550000000000182,10183.899999999918
2025-07-30 17:22:00.009,3802.7,long,1,3801.3999999999996,3804.25,2043,11111,10183.899999999918,2025-07-30 17:22:00.009,3804.25,profit_target,1.550000000000182,10185.449999999917
2025-07-30 17:23:00.032,3804.44,long,1,3803.14,3805.9900000000002,2044,11111,10185.449999999917,2025-07-30 17:23:00.032,3805.9900000000002,profit_target,1.550000000000182,10186.999999999916
2025-07-30 17:24:00.315,3807.27,short,1,3808.57,3805.72,2045,11111,10186.999999999916,2025-07-30 17:24:00.315,3805.72,profit_target,1.550000000000182,10188.549999999916
2025-07-30 17:25:00.032,3807.75,short,1,3809.05,3806.2,2046,11111,10188.549999999916,2025-07-30 17:25:00.032,3806.2,profit_target,1.550000000000182,10190.099999999915
2025-07-30 17:26:00.068,3802.26,short,1,3803.5600000000004,3800.71,2047,11111,10190.099999999915,2025-07-30 17:26:51.694,3800.71,profit_target,1.550000000000182,10191.649999999914
2025-07-30 17:27:03.066,3800.59,short,1,3801.8900000000003,3799.04,2048,11111,10191.649999999914,2025-07-30 17:27:11.320,3799.04,profit_target,1.550000000000182,10193.199999999913
2025-07-30 17:28:00.141,3801.96,short,1,3803.26,3800.41,2049,11111,10193.199999999913,2025-07-30 17:28:03.464,3803.26,stop_loss,-1.300000000000182,10191.899999999914
2025-07-30 17:31:50.280,3800.77,short,1,3802.07,3799.22,2052,11111,10191.899999999914,2025-07-30 17:32:35.773,3799.22,profit_target,1.550000000000182,10193.449999999913
2025-07-30 17:33:00.829,3803.18,short,1,3804.48,3801.6299999999997,2054,11111,10193.449999999913,2025-07-30 17:33:00.829,3801.6299999999997,profit_target,1.550000000000182,10194.999999999913
2025-07-30 17:34:00.016,3800.13,long,1,3798.83,3801.6800000000003,2055,11111,10194.999999999913,2025-07-30 17:34:00.016,3801.6800000000003,profit_target,1.550000000000182,10196.549999999912
2025-07-30 17:47:17.520,3800.36,short,1,3801.6600000000003,3798.81,2068,11111,10196.549999999912,2025-07-30 17:47:32.181,3801.6600000000003,stop_loss,-1.300000000000182,10195.249999999913
2025-07-30 17:48:00.072,3809.0,short,1,3810.3,3807.45,2069,11111,10195.249999999913,2025-07-30 17:48:00.072,3807.45,profit_target,1.550000000000182,10196.799999999912
2025-07-30 17:49:00.073,3801.5,short,1,3802.8,3799.95,2070,11111,10196.799999999912,2025-07-30 17:49:00.073,3799.95,profit_target,1.550000000000182,10198.349999999911
2025-07-30 18:01:25.547,3799.41,short,1,3800.71,3797.8599999999997,2082,11111,10198.349999999911,2025-07-30 18:01:28.575,3800.71,stop_loss,-1.300000000000182,10197.049999999912
2025-07-30 18:02:00.012,3803.62,short,1,3804.92,3802.0699999999997,2083,11111,10197.049999999912,2025-07-30 18:02:00.012,3802.0699999999997,profit_target,1.550000000000182,10198.599999999911
2025-07-30 18:10:29.913,3813.75,long,1,3812.45,3815.3,2091,11111,10198.599999999911,2025-07-30 18:10:31.139,3812.45,stop_loss,-1.300000000000182,10197.299999999912
2025-07-30 18:15:22.793,3795.53,short,1,3796.8300000000004,3793.98,2096,11111,10197.299999999912,2025-07-30 18:15:23.737,3796.8300000000004,stop_loss,-1.300000000000182,10195.999999999913
2025-07-30 18:16:00.066,3808.74,short,1,3810.04,3807.1899999999996,2097,11111,10195.999999999913,2025-07-30 18:16:00.066,3807.1899999999996,profit_target,1.550000000000182,10197.549999999912
2025-07-30 18:25:25.142,3797.89,short,1,3799.19,3796.3399999999997,2106,11111,10197.549999999912,2025-07-30 18:25:30.448,3796.3399999999997,profit_target,1.550000000000182,10199.099999999911
2025-07-30 18:27:03.795,3811.56,long,1,3810.2599999999998,3813.11,2108,11111,10199.099999999911,2025-07-30 18:27:04.181,3810.2599999999998,stop_loss,-1.300000000000182,10197.799999999912
2025-07-30 18:36:53.295,3797.77,short,1,3799.07,3796.22,2117,11111,10197.799999999912,2025-07-30 18:36:55.471,3796.22,profit_target,1.550000000000182,10199.349999999911
2025-07-30 18:58:00.047,3755.89,short,1,3757.19,3754.3399999999997,2139,11111,10199.349999999911,2025-07-30 18:58:00.047,3754.3399999999997,profit_target,1.550000000000182,10200.89999999991
2025-07-30 18:59:00.007,3747.9,short,1,3749.2000000000003,3746.35,2140,11111,10200.89999999991,2025-07-30 18:59:00.007,3746.35,profit_target,1.550000000000182,10202.44999999991
2025-07-30 19:00:00.017,3748.29,short,1,3749.59,3746.74,2141,11111,10202.44999999991,2025-07-30 19:00:00.017,3746.74,profit_target,1.550000000000182,10203.999999999909
2025-07-30 19:01:00.032,3740.05,short,1,3741.3500000000004,3738.5,2142,11111,10203.999999999909,2025-07-30 19:01:00.032,3738.5,profit_target,1.550000000000182,10205.549999999908
2025-07-30 19:02:00.020,3736.39,short,1,3737.69,3734.8399999999997,2143,11111,10205.549999999908,2025-07-30 19:02:00.020,3734.8399999999997,profit_target,1.550000000000182,10207.099999999908
2025-07-30 19:03:13.756,3728.67,long,1,3727.37,3730.2200000000003,2144,11111,10207.099999999908,2025-07-30 19:03:14.758,3727.37,stop_loss,-1.300000000000182,10205.799999999908
2025-07-30 19:46:00.033,3739.49,long,1,3738.1899999999996,3741.04,2187,11111,10205.799999999908,2025-07-30 19:46:00.033,3741.04,profit_target,1.550000000000182,10207.349999999908
2025-07-30 19:47:00.037,3743.26,short,1,3744.5600000000004,3741.71,2188,11111,10207.349999999908,2025-07-30 19:47:03.758,3744.5600000000004,stop_loss,-1.300000000000182,10206.049999999908
2025-07-30 20:09:00.017,3774.48,long,1,3773.18,3776.03,2210,11111,10206.049999999908,2025-07-30 20:09:14.855,3773.18,stop_loss,-1.300000000000182,10204.749999999909
2025-07-30 20:10:00.002,3773.8,long,1,3772.5,3775.3500000000004,2211,11111,10204.749999999909,2025-07-30 20:10:00.002,3775.3500000000004,profit_target,1.550000000000182,10206.299999999908
2025-07-30 20:11:00.042,3774.58,long,1,3773.2799999999997,3776.13,2212,11111,10206.299999999908,2025-07-30 20:11:00.042,3776.13,profit_target,1.550000000000182,10207.849999999908
2025-07-30 20:12:07.167,3779.58,short,1,3780.88,3778.0299999999997,2213,11111,10207.849999999908,2025-07-30 20:12:53.727,3780.88,stop_loss,-1.300000000000182,10206.549999999908
2025-07-30 20:13:00.125,3781.56,short,1,3782.86,3780.0099999999998,2214,11111,10206.549999999908,2025-07-30 20:13:01.221,3780.0099999999998,profit_target,1.550000000000182,10208.099999999908
2025-07-30 20:14:30.379,3780.11,long,1,3778.81,3781.6600000000003,2215,11111,10208.099999999908,2025-07-30 20:14:46.811,3781.6600000000003,profit_target,1.550000000000182,10209.649999999907
2025-07-30 20:15:00.314,3781.7,long,1,3780.3999999999996,3783.25,2216,11111,10209.649999999907,2025-07-30 20:15:25.417,3783.25,profit_target,1.550000000000182,10211.199999999906
2025-07-30 20:16:26.207,3779.69,short,1,3780.9900000000002,3778.14,2217,11111,10211.199999999906,2025-07-30 20:16:32.285,3778.14,profit_target,1.550000000000182,10212.749999999905
2025-07-30 20:17:00.131,3780.74,short,1,3782.04,3779.1899999999996,2218,11111,10212.749999999905,2025-07-30 20:17:00.131,3779.1899999999996,profit_target,1.550000000000182,10214.299999999905
2025-07-30 20:22:12.192,3782.05,long,1,3780.75,3783.6000000000004,2223,11111,10214.299999999905,2025-07-30 20:22:12.914,3783.6000000000004,profit_target,1.550000000000182,10215.849999999904
2025-07-30 20:23:00.147,3776.13,long,1,3774.83,3777.6800000000003,2224,11111,10215.849999999904,2025-07-30 20:23:00.147,3777.6800000000003,profit_target,1.550000000000182,10217.399999999903
2025-07-30 20:24:00.020,3781.61,short,1,3782.9100000000003,3780.06,2225,11111,10217.399999999903,2025-07-30 20:24:00.020,3780.06,profit_target,1.550000000000182,10218.949999999903
2025-07-30 20:46:00.009,3770.86,short,1,3772.1600000000003,3769.31,2247,11111,10218.949999999903,2025-07-30 20:46:00.009,3769.31,profit_target,1.550000000000182,10220.499999999902
2025-07-30 20:47:00.015,3767.8,short,1,3769.1000000000004,3766.25,2248,11111,10220.499999999902,2025-07-30 20:47:35.508,3766.25,profit_target,1.550000000000182,10222.049999999901
2025-07-30 20:48:00.008,3768.97,short,1,3770.27,3767.4199999999996,2249,11111,10222.049999999901,2025-07-30 20:48:00.008,3767.4199999999996,profit_target,1.550000000000182,10223.5999999999
2025-07-30 20:49:00.067,3766.83,long,1,3765.5299999999997,3768.38,2250,11111,10223.5999999999,2025-07-30 20:49:11.300,3768.38,profit_target,1.550000000000182,10225.1499999999
2025-07-30 20:50:00.379,3765.43,short,1,3766.73,3763.8799999999997,2251,11111,10225.1499999999,2025-07-30 20:50:32.308,3763.8799999999997,profit_target,1.550000000000182,10226.699999999899
2025-07-30 20:51:00.013,3766.9,short,1,3768.2000000000003,3765.35,2252,11111,10226.699999999899,2025-07-30 20:51:00.013,3765.35,profit_target,1.550000000000182,10228.249999999898
2025-07-30 20:53:04.413,3766.0,long,1,3764.7,3767.55,2254,11111,10228.249999999898,2025-07-30 20:53:05.946,3767.55,profit_target,1.550000000000182,10229.799999999897
2025-07-30 21:08:15.100,3763.26,short,1,3764.5600000000004,3761.71,2269,11111,10229.799999999897,2025-07-30 21:08:40.912,3764.5600000000004,stop_loss,-1.300000000000182,10228.499999999898
2025-07-30 21:09:06.536,3766.07,short,1,3767.3700000000003,3764.52,2270,11111,10228.499999999898,2025-07-30 21:11:17.544,3767.3700000000003,stop_loss,-1.300000000000182,10227.199999999899
2025-07-30 21:12:00.145,3766.89,long,1,3765.5899999999997,3768.44,2273,11111,10227.199999999899,2025-07-30 21:12:00.145,3768.44,profit_target,1.550000000000182,10228.749999999898
2025-07-30 21:13:00.174,3766.99,long,1,3765.6899999999996,3768.54,2274,11111,10228.749999999898,2025-07-30 21:13:00.174,3768.54,profit_target,1.550000000000182,10230.299999999897
2025-07-30 21:51:22.413,3755.94,long,1,3754.64,3757.4900000000002,2312,11111,10230.299999999897,2025-07-30 21:51:31.274,3757.4900000000002,profit_target,1.550000000000182,10231.849999999897
2025-07-30 21:52:00.006,3754.9,long,1,3753.6,3756.4500000000003,2313,11111,10231.849999999897,2025-07-30 21:52:00.006,3756.4500000000003,profit_target,1.550000000000182,10233.399999999896
2025-07-30 22:16:45.482,3766.9,long,1,3765.6,3768.4500000000003,2337,11111,10233.399999999896,2025-07-30 22:17:01.177,3768.4500000000003,profit_target,1.550000000000182,10234.949999999895
2025-07-30 22:20:00.150,3762.81,short,1,3764.11,3761.2599999999998,2341,11111,10234.949999999895,2025-07-30 22:20:11.257,3761.2599999999998,profit_target,1.550000000000182,10236.499999999894
2025-07-30 22:51:22.224,3757.32,short,1,3758.6200000000003,3755.77,2372,11111,10236.499999999894,2025-07-30 22:52:05.076,3758.6200000000003,stop_loss,-1.300000000000182,10235.199999999895
2025-07-30 22:53:00.007,3759.02,short,1,3760.32,3757.47,2374,11111,10235.199999999895,2025-07-30 22:53:30.376,3757.47,profit_target,1.550000000000182,10236.749999999894
2025-07-30 22:54:00.011,3757.81,short,1,3759.11,3756.2599999999998,2375,11111,10236.749999999894,2025-07-30 22:54:37.058,3759.11,stop_loss,-1.300000000000182,10235.449999999895
2025-07-30 23:25:16.791,3778.44,short,1,3779.7400000000002,3776.89,2406,11111,10235.449999999895,2025-07-30 23:26:38.932,3779.7400000000002,stop_loss,-1.300000000000182,10234.149999999896
2025-07-30 23:48:09.452,3803.59,long,1,3802.29,3805.1400000000003,2429,11111,10234.149999999896,2025-07-30 23:48:18.963,3805.1400000000003,profit_target,1.550000000000182,10235.699999999895
2025-07-30 23:49:00.027,3801.45,long,1,3800.1499999999996,3803.0,2430,11111,10235.699999999895,2025-07-30 23:49:00.027,3803.0,profit_target,1.550000000000182,10237.249999999894
2025-07-30 23:50:00.051,3802.35,long,1,3801.0499999999997,3803.9,2431,11111,10237.249999999894,2025-07-30 23:50:00.051,3803.9,profit_target,1.550000000000182,10238.799999999894
2025-07-30 23:51:28.320,3806.91,long,1,3805.6099999999997,3808.46,2432,11111,10238.799999999894,2025-07-30 23:51:36.246,3808.46,profit_target,1.550000000000182,10240.349999999893
2025-07-30 23:52:00.175,3806.4,long,1,3805.1,3807.9500000000003,2433,11111,10240.349999999893,2025-07-30 23:52:00.175,3807.9500000000003,profit_target,1.550000000000182,10241.899999999892
2025-07-30 23:57:24.986,3806.69,long,1,3805.39,3808.2400000000002,2438,11111,10241.899999999892,2025-07-30 23:59:58.658,3808.2400000000002,profit_target,1.550000000000182,10243.449999999892
2025-07-31 00:00:10.812,3807.16,short,1,3808.46,3805.6099999999997,2441,11111,10243.449999999892,2025-07-31 00:00:41.746,3805.6099999999997,profit_target,1.550000000000182,10244.99999999989
2025-07-31 00:15:10.192,3807.97,long,1,3806.6699999999996,3809.52,2456,11111,10244.99999999989,2025-07-31 00:16:35.494,3809.52,profit_target,1.550000000000182,10246.54999999989
2025-07-31 00:17:00.010,3807.34,long,1,3806.04,3808.8900000000003,2458,11111,10246.54999999989,2025-07-31 00:17:00.010,3808.8900000000003,profit_target,1.550000000000182,10248.09999999989
2025-07-31 00:18:00.001,3808.13,short,1,3809.4300000000003,3806.58,2459,11111,10248.09999999989,2025-07-31 00:18:00.001,3806.58,profit_target,1.550000000000182,10249.649999999889
2025-07-31 00:19:44.289,3809.38,short,1,3810.6800000000003,3807.83,2460,11111,10249.649999999889,2025-07-31 00:20:04.409,3807.83,profit_target,1.550000000000182,10251.199999999888
2025-07-31 00:21:00.282,3810.05,short,1,3811.3500000000004,3808.5,2462,11111,10251.199999999888,2025-07-31 00:21:00.282,3808.5,profit_target,1.550000000000182,10252.749999999887
2025-07-31 00:22:00.017,3808.39,short,1,3809.69,3806.8399999999997,2463,11111,10252.749999999887,2025-07-31 00:22:00.017,3806.8399999999997,profit_target,1.550000000000182,10254.299999999886
2025-07-31 00:44:00.028,3844.28,short,1,3845.5800000000004,3842.73,2485,11111,10254.299999999886,2025-07-31 00:44:00.028,3842.73,profit_target,1.550000000000182,10255.849999999886
2025-07-31 00:45:00.016,3842.86,short,1,3844.1600000000003,3841.31,2486,11111,10255.849999999886,2025-07-31 00:45:00.301,3841.31,profit_target,1.550000000000182,10257.399999999885
2025-07-31 00:50:48.902,3841.23,short,1,3842.53,3839.68,2491,11111,10257.399999999885,2025-07-31 00:51:07.528,3839.68,profit_target,1.550000000000182,10258.949999999884
2025-07-31 00:52:00.043,3846.74,short,1,3848.04,3845.1899999999996,2493,11111,10258.949999999884,2025-07-31 00:52:00.043,3845.1899999999996,profit_target,1.550000000000182,10260.499999999884
2025-07-31 00:53:27.245,3841.68,short,1,3842.98,3840.1299999999997,2494,11111,10260.499999999884,2025-07-31 00:53:53.342,3840.1299999999997,profit_target,1.550000000000182,10262.049999999883
2025-07-31 00:56:26.258,3836.64,short,1,3837.94,3835.0899999999997,2497,11111,10262.049999999883,2025-07-31 00:56:56.184,3835.0899999999997,profit_target,1.550000000000182,10263.599999999882
2025-07-31 00:58:17.593,3841.86,long,1,3840.56,3843.4100000000003,2499,11111,10263.599999999882,2025-07-31 00:58:42.004,3843.4100000000003,profit_target,1.550000000000182,10265.149999999881
2025-07-31 01:01:16.424,3835.0,short,1,3836.3,3833.45,2502,11111,10265.149999999881,2025-07-31 01:01:21.487,3836.3,stop_loss,-1.300000000000182,10263.849999999882
2025-07-31 01:23:16.763,3832.99,long,1,3831.6899999999996,3834.54,2524,11111,10263.849999999882,2025-07-31 01:23:26.278,3834.54,profit_target,1.550000000000182,10265.399999999881
2025-07-31 01:24:00.033,3832.33,long,1,3831.0299999999997,3833.88,2525,11111,10265.399999999881,2025-07-31 01:24:00.033,3833.88,profit_target,1.550000000000182,10266.94999999988
2025-07-31 01:27:00.987,3832.09,short,1,3833.3900000000003,3830.54,2528,11111,10266.94999999988,2025-07-31 01:27:46.529,3833.3900000000003,stop_loss,-1.300000000000182,10265.649999999881
2025-07-31 01:28:00.069,3834.54,short,1,3835.84,3832.99,2529,11111,10265.649999999881,2025-07-31 01:28:35.040,3835.84,stop_loss,-1.300000000000182,10264.349999999882
2025-07-31 01:50:07.649,3839.19,long,1,3837.89,3840.7400000000002,2551,11111,10264.349999999882,2025-07-31 01:50:15.904,3840.7400000000002,profit_target,1.550000000000182,10265.899999999881
2025-07-31 01:51:00.000,3836.0,long,1,3834.7,3837.55,2552,11111,10265.899999999881,2025-07-31 01:51:00.000,3837.55,profit_target,1.550000000000182,10267.44999999988
2025-07-31 01:52:02.624,3838.32,short,1,3839.6200000000003,3836.77,2553,11111,10267.44999999988,2025-07-31 01:53:42.508,3836.77,profit_target,1.550000000000182,10268.99999999988
2025-07-31 02:01:48.463,3839.26,long,1,3837.96,3840.8100000000004,2562,11111,10268.99999999988,2025-07-31 02:02:29.715,3840.8100000000004,profit_target,1.550000000000182,10270.54999999988
2025-07-31 02:03:00.159,3837.0,long,1,3835.7,3838.55,2564,11111,10270.54999999988,2025-07-31 02:03:00.159,3838.55,profit_target,1.550000000000182,10272.099999999878
2025-07-31 02:04:00.119,3839.83,short,1,3841.13,3838.2799999999997,2565,11111,10272.099999999878,2025-07-31 02:04:00.119,3838.2799999999997,profit_target,1.550000000000182,10273.649999999878
2025-07-31 02:05:00.022,3838.55,short,1,3839.8500000000004,3837.0,2566,11111,10273.649999999878,2025-07-31 02:05:00.022,3837.0,profit_target,1.550000000000182,10275.199999999877
2025-07-31 02:07:16.484,3836.64,long,1,3835.3399999999997,3838.19,2568,11111,10275.199999999877,2025-07-31 02:07:16.484,3835.3399999999997,stop_loss,-1.300000000000182,10273.899999999878
2025-07-31 02:29:00.006,3839.79,long,1,3838.49,3841.34,2590,11111,10273.899999999878,2025-07-31 02:29:00.006,3841.34,profit_target,1.550000000000182,10275.449999999877
2025-07-31 02:51:00.921,3857.83,short,1,3859.13,3856.2799999999997,2612,11111,10275.449999999877,2025-07-31 02:51:00.921,3856.2799999999997,profit_target,1.550000000000182,10276.999999999876
2025-07-31 02:52:00.342,3856.24,short,1,3857.54,3854.6899999999996,2613,11111,10276.999999999876,2025-07-31 02:52:00.342,3854.6899999999996,profit_target,1.550000000000182,10278.549999999876
2025-07-31 02:53:49.357,3855.99,long,1,3854.6899999999996,3857.54,2614,11111,10278.549999999876,2025-07-31 02:54:08.031,3857.54,profit_target,1.550000000000182,10280.099999999875
2025-07-31 03:37:00.041,3860.13,short,1,3861.4300000000003,3858.58,2658,11111,10280.099999999875,2025-07-31 03:37:45.895,3858.58,profit_target,1.550000000000182,10281.649999999874
2025-07-31 03:48:41.255,3860.99,long,1,3859.6899999999996,3862.54,2669,11111,10281.649999999874,2025-07-31 03:49:32.154,3859.6899999999996,stop_loss,-1.300000000000182,10280.349999999875
2025-07-31 03:50:00.127,3858.98,short,1,3860.28,3857.43,2671,11111,10280.349999999875,2025-07-31 03:50:05.822,3860.28,stop_loss,-1.300000000000182,10279.049999999876
2025-07-31 03:51:00.060,3861.9,short,1,3863.2000000000003,3860.35,2672,11111,10279.049999999876,2025-07-31 03:52:47.185,3863.2000000000003,stop_loss,-1.300000000000182,10277.749999999876
2025-07-31 03:54:08.157,3861.49,short,1,3862.79,3859.9399999999996,2675,11111,10277.749999999876,2025-07-31 03:54:26.707,3862.79,stop_loss,-1.300000000000182,10276.449999999877
2025-07-31 03:55:00.154,3866.7,short,1,3868.0,3865.1499999999996,2676,11111,10276.449999999877,2025-07-31 03:55:00.154,3865.1499999999996,profit_target,1.550000000000182,10277.999999999876
2025-07-31 03:56:59.168,3862.0,long,1,3860.7,3863.55,2677,11111,10277.999999999876,2025-07-31 03:57:29.371,3860.7,stop_loss,-1.300000000000182,10276.699999999877
2025-07-31 03:58:00.179,3861.74,short,1,3863.04,3860.1899999999996,2679,11111,10276.699999999877,2025-07-31 03:58:18.752,3860.1899999999996,profit_target,1.550000000000182,10278.249999999876
2025-07-31 03:59:00.130,3861.99,short,1,3863.29,3860.4399999999996,2680,11111,10278.249999999876,2025-07-31 03:59:00.130,3860.4399999999996,profit_target,1.550000000000182,10279.799999999876
2025-07-31 04:00:01.146,3861.14,long,1,3859.8399999999997,3862.69,2681,11111,10279.799999999876,2025-07-31 04:00:02.293,3862.69,profit_target,1.550000000000182,10281.349999999875
2025-07-31 04:01:00.390,3859.7,long,1,3858.3999999999996,3861.25,2682,11111,10281.349999999875,2025-07-31 04:03:25.234,3858.3999999999996,stop_loss,-1.300000000000182,10280.049999999876
2025-07-31 04:04:00.326,3859.46,short,1,3860.76,3857.91,2685,11111,10280.049999999876,2025-07-31 04:05:53.300,3857.91,profit_target,1.550000000000182,10281.599999999875
2025-07-31 04:07:10.021,3858.9,long,1,3857.6,3860.4500000000003,2688,11111,10281.599999999875,2025-07-31 04:15:44.099,3857.6,stop_loss,-1.300000000000182,10280.299999999876
2025-07-31 04:16:48.403,3859.07,long,1,3857.77,3860.6200000000003,2697,11111,10280.299999999876,2025-07-31 04:17:44.016,3857.77,stop_loss,-1.300000000000182,10278.999999999876
2025-07-31 04:18:00.193,3857.58,long,1,3856.2799999999997,3859.13,2699,11111,10278.999999999876,2025-07-31 04:18:17.315,3856.2799999999997,stop_loss,-1.300000000000182,10277.699999999877
2025-07-31 04:19:00.203,3859.04,short,1,3860.34,3857.49,2700,11111,10277.699999999877,2025-07-31 04:19:00.203,3857.49,profit_target,1.550000000000182,10279.249999999876
2025-07-31 04:22:49.309,3857.66,long,1,3856.3599999999997,3859.21,2703,11111,10279.249999999876,2025-07-31 04:23:37.518,3856.3599999999997,stop_loss,-1.300000000000182,10277.949999999877
2025-07-31 04:25:02.132,3855.55,short,1,3856.8500000000004,3854.0,2706,11111,10277.949999999877,2025-07-31 04:25:11.768,3856.8500000000004,stop_loss,-1.300000000000182,10276.649999999878
2025-07-31 04:26:00.491,3856.55,long,1,3855.25,3858.1000000000004,2707,11111,10276.649999999878,2025-07-31 04:26:55.824,3858.1000000000004,profit_target,1.550000000000182,10278.199999999877
2025-07-31 04:27:27.829,3856.49,short,1,3857.79,3854.9399999999996,2708,11111,10278.199999999877,2025-07-31 04:27:50.690,3854.9399999999996,profit_target,1.550000000000182,10279.749999999876
2025-07-31 04:30:16.787,3857.0,long,1,3855.7,3858.55,2711,11111,10279.749999999876,2025-07-31 04:31:00.357,3855.7,stop_loss,-1.300000000000182,10278.449999999877
2025-07-31 04:32:00.311,3854.8,long,1,3853.5,3856.3500000000004,2713,11111,10278.449999999877,2025-07-31 04:32:00.311,3856.3500000000004,profit_target,1.550000000000182,10279.999999999876
2025-07-31 04:54:00.196,3866.53,short,1,3867.8300000000004,3864.98,2735,11111,10279.999999999876,2025-07-31 04:55:01.168,3867.8300000000004,stop_loss,-1.300000000000182,10278.699999999877
2025-07-31 04:56:00.183,3866.5,long,1,3865.2,3868.05,2737,11111,10278.699999999877,2025-07-31 04:56:49.741,3868.05,profit_target,1.550000000000182,10280.249999999876
2025-07-31 05:01:31.019,3867.58,short,1,3868.88,3866.0299999999997,2742,11111,10280.249999999876,2025-07-31 05:02:26.403,3866.0299999999997,profit_target,1.550000000000182,10281.799999999876
2025-07-31 05:03:00.141,3868.11,short,1,3869.4100000000003,3866.56,2744,11111,10281.799999999876,2025-07-31 05:03:48.470,3866.56,profit_target,1.550000000000182,10283.349999999875
2025-07-31 05:04:00.235,3867.79,short,1,3869.09,3866.24,2745,11111,10283.349999999875,2025-07-31 05:04:00.235,3866.24,profit_target,1.550000000000182,10284.899999999874
2025-07-31 05:05:00.082,3867.99,short,1,3869.29,3866.4399999999996,2746,11111,10284.899999999874,2025-07-31 05:05:00.399,3866.4399999999996,profit_target,1.550000000000182,10286.449999999873
2025-07-31 05:06:00.003,3865.74,short,1,3867.04,3864.1899999999996,2747,11111,10286.449999999873,2025-07-31 05:06:00.003,3864.1899999999996,profit_target,1.550000000000182,10287.999999999873
2025-07-31 05:29:03.588,3858.0,long,1,3856.7,3859.55,2770,11111,10287.999999999873,2025-07-31 05:29:12.693,3856.7,stop_loss,-1.300000000000182,10286.699999999873
2025-07-31 06:01:04.044,3859.67,long,1,3858.37,3861.2200000000003,2802,11111,10286.699999999873,2025-07-31 06:03:21.130,3858.37,stop_loss,-1.300000000000182,10285.399999999874
2025-07-31 06:05:06.714,3859.43,long,1,3858.1299999999997,3860.98,2806,11111,10285.399999999874,2025-07-31 06:06:41.580,3858.1299999999997,stop_loss,-1.300000000000182,10284.099999999875
2025-07-31 06:07:14.315,3858.31,short,1,3859.61,3856.7599999999998,2808,11111,10284.099999999875,2025-07-31 06:07:32.530,3856.7599999999998,profit_target,1.550000000000182,10285.649999999874
2025-07-31 06:08:00.290,3860.0,short,1,3861.3,3858.45,2809,11111,10285.649999999874,2025-07-31 06:08:00.290,3858.45,profit_target,1.550000000000182,10287.199999999873
2025-07-31 06:09:00.035,3858.52,short,1,3859.82,3856.97,2810,11111,10287.199999999873,2025-07-31 06:09:00.072,3856.97,profit_target,1.550000000000182,10288.749999999873
2025-07-31 06:10:07.042,3856.74,long,1,3855.4399999999996,3858.29,2811,11111,10288.749999999873,2025-07-31 06:14:01.131,3855.4399999999996,stop_loss,-1.300000000000182,10287.449999999873
2025-07-31 06:15:00.057,3855.69,long,1,3854.39,3857.2400000000002,2816,11111,10287.449999999873,2025-07-31 06:15:07.826,3857.2400000000002,profit_target,1.550000000000182,10288.999999999873
2025-07-31 06:16:00.059,3855.69,long,1,3854.39,3857.2400000000002,2817,11111,10288.999999999873,2025-07-31 06:16:00.059,3857.2400000000002,profit_target,1.550000000000182,10290.549999999872
2025-07-31 06:38:00.029,3860.95,long,1,3859.6499999999996,3862.5,2839,11111,10290.549999999872,2025-07-31 06:38:00.029,3862.5,profit_target,1.550000000000182,10292.099999999871
2025-07-31 07:00:00.267,3874.67,short,1,3875.9700000000003,3873.12,2861,11111,10292.099999999871,2025-07-31 07:00:00.267,3873.12,profit_target,1.550000000000182,10293.64999999987
2025-07-31 07:01:00.067,3872.62,short,1,3873.92,3871.0699999999997,2862,11111,10293.64999999987,2025-07-31 07:01:40.880,3873.92,stop_loss,-1.300000000000182,10292.349999999871
2025-07-31 07:02:01.920,3872.89,short,1,3874.19,3871.3399999999997,2863,11111,10292.349999999871,2025-07-31 07:02:10.807,3871.3399999999997,profit_target,1.550000000000182,10293.89999999987
2025-07-31 07:15:33.115,3871.72,long,1,3870.4199999999996,3873.27,2876,11111,10293.89999999987,2025-07-31 07:15:42.162,3873.27,profit_target,1.550000000000182,10295.44999999987
2025-07-31 07:16:00.061,3865.16,long,1,3863.8599999999997,3866.71,2877,11111,10295.44999999987,2025-07-31 07:16:00.061,3866.71,profit_target,1.550000000000182,10296.999999999869
2025-07-31 07:23:38.002,3867.16,short,1,3868.46,3865.6099999999997,2884,11111,10296.999999999869,2025-07-31 07:28:11.536,3865.6099999999997,profit_target,1.550000000000182,10298.549999999868
2025-07-31 07:50:00.028,3865.28,long,1,3863.98,3866.8300000000004,2911,11111,10298.549999999868,2025-07-31 07:50:26.757,3863.98,stop_loss,-1.300000000000182,10297.249999999869
2025-07-31 07:51:00.021,3865.46,short,1,3866.76,3863.91,2912,11111,10297.249999999869,2025-07-31 07:51:35.348,3863.91,profit_target,1.550000000000182,10298.799999999868
2025-07-31 07:52:00.026,3866.1,short,1,3867.4,3864.5499999999997,2913,11111,10298.799999999868,2025-07-31 07:52:00.026,3864.5499999999997,profit_target,1.550000000000182,10300.349999999868
2025-07-31 07:53:00.015,3864.08,short,1,3865.38,3862.5299999999997,2914,11111,10300.349999999868,2025-07-31 07:53:54.890,3862.5299999999997,profit_target,1.550000000000182,10301.899999999867
2025-07-31 07:54:00.059,3863.97,short,1,3865.27,3862.4199999999996,2915,11111,10301.899999999867,2025-07-31 07:54:00.059,3862.4199999999996,profit_target,1.550000000000182,10303.449999999866
2025-07-31 08:16:00.020,3862.93,long,1,3861.6299999999997,3864.48,2937,11111,10303.449999999866,2025-07-31 08:18:58.965,3864.48,profit_target,1.550000000000182,10304.999999999865
2025-07-31 08:19:00.003,3863.24,long,1,3861.9399999999996,3864.79,2940,11111,10304.999999999865,2025-07-31 08:19:24.921,3864.79,profit_target,1.550000000000182,10306.549999999865
2025-07-31 08:22:48.443,3862.68,short,1,3863.98,3861.1299999999997,2943,11111,10306.549999999865,2025-07-31 08:23:00.152,3863.98,stop_loss,-1.300000000000182,10305.249999999865
2025-07-31 08:24:20.151,3865.07,short,1,3866.3700000000003,3863.52,2945,11111,10305.249999999865,2025-07-31 08:25:17.117,3866.3700000000003,stop_loss,-1.300000000000182,10303.949999999866
2025-07-31 08:30:02.607,3865.7,short,1,3867.0,3864.1499999999996,2951,11111,10303.949999999866,2025-07-31 08:32:03.896,3864.1499999999996,profit_target,1.550000000000182,10305.499999999865
2025-07-31 08:33:00.385,3864.46,short,1,3865.76,3862.91,2954,11111,10305.499999999865,2025-07-31 08:34:53.450,3865.76,stop_loss,-1.300000000000182,10304.199999999866
2025-07-31 08:53:59.066,3863.42,short,1,3864.7200000000003,3861.87,2974,11111,10304.199999999866,2025-07-31 08:53:59.066,3864.7200000000003,stop_loss,-1.300000000000182,10302.899999999867
2025-07-31 09:15:19.401,3859.2,long,1,3857.8999999999996,3860.75,2996,11111,10302.899999999867,2025-07-31 09:15:54.983,3860.75,profit_target,1.550000000000182,10304.449999999866
2025-07-31 09:16:46.531,3860.06,short,1,3861.36,3858.5099999999998,2997,11111,10304.449999999866,2025-07-31 09:18:09.172,3861.36,stop_loss,-1.300000000000182,10303.149999999867
2025-07-31 09:21:14.858,3859.49,short,1,3860.79,3857.9399999999996,3002,11111,10303.149999999867,2025-07-31 09:21:14.858,3860.79,stop_loss,-1.300000000000182,10301.849999999868
2025-07-31 09:22:00.014,3861.19,short,1,3862.4900000000002,3859.64,3003,11111,10301.849999999868,2025-07-31 09:22:00.014,3859.64,profit_target,1.550000000000182,10303.399999999867
2025-07-31 09:23:00.006,3862.6,short,1,3863.9,3861.0499999999997,3004,11111,10303.399999999867,2025-07-31 09:23:00.006,3861.0499999999997,profit_target,1.550000000000182,10304.949999999866
2025-07-31 09:24:00.013,3859.07,long,1,3857.77,3860.6200000000003,3005,11111,10304.949999999866,2025-07-31 09:24:02.306,3860.6200000000003,profit_target,1.550000000000182,10306.499999999865
2025-07-31 09:25:00.010,3860.65,short,1,3861.9500000000003,3859.1,3006,11111,10306.499999999865,2025-07-31 09:27:16.390,3861.9500000000003,stop_loss,-1.300000000000182,10305.199999999866
2025-07-31 09:28:00.010,3861.04,long,1,3859.74,3862.59,3009,11111,10305.199999999866,2025-07-31 09:30:29.331,3859.74,stop_loss,-1.300000000000182,10303.899999999867
2025-07-31 09:31:00.022,3861.29,short,1,3862.59,3859.74,3012,11111,10303.899999999867,2025-07-31 09:31:00.022,3859.74,profit_target,1.550000000000182,10305.449999999866
2025-07-31 09:32:00.566,3861.0,short,1,3862.3,3859.45,3013,11111,10305.449999999866,2025-07-31 09:32:39.046,3859.45,profit_target,1.550000000000182,10306.999999999865
2025-07-31 09:33:00.549,3858.53,long,1,3857.23,3860.0800000000004,3014,11111,10306.999999999865,2025-07-31 09:33:14.235,3860.0800000000004,profit_target,1.550000000000182,10308.549999999865
2025-07-31 09:37:08.432,3860.52,long,1,3859.22,3862.07,3018,11111,10308.549999999865,2025-07-31 09:37:13.093,3859.22,stop_loss,-1.300000000000182,10307.249999999865
2025-07-31 09:39:29.182,3858.0,short,1,3859.3,3856.45,3020,11111,10307.249999999865,2025-07-31 09:40:38.930,3859.3,stop_loss,-1.300000000000182,10305.949999999866
2025-07-31 09:41:00.008,3858.72,long,1,3857.4199999999996,3860.27,3022,11111,10305.949999999866,2025-07-31 09:41:06.799,3860.27,profit_target,1.550000000000182,10307.499999999865
2025-07-31 09:42:15.594,3858.79,short,1,3860.09,3857.24,3023,11111,10307.499999999865,2025-07-31 09:42:40.315,3857.24,profit_target,1.550000000000182,10309.049999999865
2025-07-31 09:43:00.006,3859.64,short,1,3860.94,3858.0899999999997,3024,11111,10309.049999999865,2025-07-31 09:43:00.006,3858.0899999999997,profit_target,1.550000000000182,10310.599999999864
2025-07-31 09:50:42.899,3858.86,long,1,3857.56,3860.4100000000003,3031,11111,10310.599999999864,2025-07-31 09:50:57.217,3860.4100000000003,profit_target,1.550000000000182,10312.149999999863
2025-07-31 09:51:00.371,3857.8,long,1,3856.5,3859.3500000000004,3032,11111,10312.149999999863,2025-07-31 09:51:00.371,3859.3500000000004,profit_target,1.550000000000182,10313.699999999862
2025-07-31 10:07:15.762,3857.4,short,1,3858.7000000000003,3855.85,3048,11111,10313.699999999862,2025-07-31 10:07:37.924,3855.85,profit_target,1.550000000000182,10315.249999999862
2025-07-31 10:08:49.274,3858.0,long,1,3856.7,3859.55,3049,11111,10315.249999999862,2025-07-31 10:10:18.295,3859.55,profit_target,1.550000000000182,10316.799999999861
2025-07-31 10:13:16.987,3857.99,long,1,3856.6899999999996,3859.54,3054,11111,10316.799999999861,2025-07-31 10:13:42.654,3859.54,profit_target,1.550000000000182,10318.34999999986
2025-07-31 10:14:00.503,3856.63,long,1,3855.33,3858.1800000000003,3055,11111,10318.34999999986,2025-07-31 10:14:00.503,3858.1800000000003,profit_target,1.550000000000182,10319.89999999986
2025-07-31 10:20:37.190,3857.09,short,1,3858.3900000000003,3855.54,3061,11111,10319.89999999986,2025-07-31 10:21:32.399,3855.54,profit_target,1.550000000000182,10321.449999999859
2025-07-31 10:22:00.205,3858.96,short,1,3860.26,3857.41,3063,11111,10321.449999999859,2025-07-31 10:22:00.205,3857.41,profit_target,1.550000000000182,10322.999999999858
2025-07-31 10:23:02.153,3857.06,short,1,3858.36,3855.5099999999998,3064,11111,10322.999999999858,2025-07-31 10:25:44.267,3858.36,stop_loss,-1.300000000000182,10321.699999999859
2025-07-31 10:27:09.335,3856.71,short,1,3858.01,3855.16,3068,11111,10321.699999999859,2025-07-31 10:28:46.030,3855.16,profit_target,1.550000000000182,10323.249999999858
2025-07-31 10:30:19.841,3856.8,long,1,3855.5,3858.3500000000004,3071,11111,10323.249999999858,2025-07-31 10:32:16.123,3855.5,stop_loss,-1.300000000000182,10321.949999999859
2025-07-31 10:33:00.020,3856.46,short,1,3857.76,3854.91,3074,11111,10321.949999999859,2025-07-31 10:33:00.020,3854.91,profit_target,1.550000000000182,10323.499999999858
2025-07-31 10:34:00.179,3856.31,long,1,3855.0099999999998,3857.86,3075,11111,10323.499999999858,2025-07-31 10:34:10.537,3857.86,profit_target,1.550000000000182,10325.049999999857
2025-07-31 10:35:00.021,3853.68,long,1,3852.3799999999997,3855.23,3076,11111,10325.049999999857,2025-07-31 10:35:00.021,3855.23,profit_target,1.550000000000182,10326.599999999857
2025-07-31 10:36:00.381,3856.66,long,1,3855.3599999999997,3858.21,3077,11111,10326.599999999857,2025-07-31 10:36:00.381,3858.21,profit_target,1.550000000000182,10328.149999999856
2025-07-31 10:37:00.428,3859.66,short,1,3860.96,3858.1099999999997,3078,11111,10328.149999999856,2025-07-31 10:38:12.940,3858.1099999999997,profit_target,1.550000000000182,10329.699999999855
2025-07-31 10:39:00.586,3858.86,long,1,3857.56,3860.4100000000003,3080,11111,10329.699999999855,2025-07-31 10:42:11.095,3857.56,stop_loss,-1.300000000000182,10328.399999999856
2025-07-31 10:43:45.936,3859.2,long,1,3857.8999999999996,3860.75,3084,11111,10328.399999999856,2025-07-31 10:44:33.044,3860.75,profit_target,1.550000000000182,10329.949999999855
2025-07-31 10:45:00.491,3857.4,long,1,3856.1,3858.9500000000003,3086,11111,10329.949999999855,2025-07-31 10:45:00.491,3858.9500000000003,profit_target,1.550000000000182,10331.499999999854
2025-07-31 10:46:00.069,3859.48,long,1,3858.18,3861.03,3087,11111,10331.499999999854,2025-07-31 10:46:00.069,3861.03,profit_target,1.550000000000182,10333.049999999854
2025-07-31 10:47:28.000,3861.51,short,1,3862.8100000000004,3859.96,3088,11111,10333.049999999854,2025-07-31 10:49:07.800,3859.96,profit_target,1.550000000000182,10334.599999999853
2025-07-31 11:11:00.029,3844.0,short,1,3845.3,3842.45,3112,11111,10334.599999999853,2025-07-31 11:11:00.029,3842.45,profit_target,1.550000000000182,10336.149999999852
2025-07-31 11:12:00.068,3839.58,long,1,3838.2799999999997,3841.13,3113,11111,10336.149999999852,2025-07-31 11:12:00.068,3841.13,profit_target,1.550000000000182,10337.699999999852
2025-07-31 11:13:00.205,3842.05,long,1,3840.75,3843.6000000000004,3114,11111,10337.699999999852,2025-07-31 11:13:00.205,3843.6000000000004,profit_target,1.550000000000182,10339.24999999985
2025-07-31 11:14:00.130,3844.87,long,1,3843.5699999999997,3846.42,3115,11111,10339.24999999985,2025-07-31 11:14:00.130,3846.42,profit_target,1.550000000000182,10340.79999999985
2025-07-31 11:15:00.061,3846.86,long,1,3845.56,3848.4100000000003,3116,11111,10340.79999999985,2025-07-31 11:15:23.803,3845.56,stop_loss,-1.300000000000182,10339.49999999985
2025-07-31 11:41:01.407,3838.92,short,1,3840.2200000000003,3837.37,3142,11111,10339.49999999985,2025-07-31 11:41:02.476,3837.37,profit_target,1.550000000000182,10341.04999999985
2025-07-31 11:42:00.163,3840.0,short,1,3841.3,3838.45,3143,11111,10341.04999999985,2025-07-31 11:42:00.163,3838.45,profit_target,1.550000000000182,10342.59999999985
2025-07-31 11:43:00.166,3840.0,short,1,3841.3,3838.45,3144,11111,10342.59999999985,2025-07-31 11:43:00.166,3838.45,profit_target,1.550000000000182,10344.149999999849
2025-07-31 11:59:04.824,3836.82,long,1,3835.52,3838.3700000000003,3160,11111,10344.149999999849,2025-07-31 12:01:44.885,3838.3700000000003,profit_target,1.550000000000182,10345.699999999848
2025-07-31 12:06:18.816,3836.87,short,1,3838.17,3835.3199999999997,3167,11111,10345.699999999848,2025-07-31 12:06:18.816,3838.17,stop_loss,-1.300000000000182,10344.399999999849
2025-07-31 12:07:00.006,3840.69,short,1,3841.9900000000002,3839.14,3168,11111,10344.399999999849,2025-07-31 12:07:00.006,3839.14,profit_target,1.550000000000182,10345.949999999848
2025-07-31 12:08:00.089,3839.02,short,1,3840.32,3837.47,3169,11111,10345.949999999848,2025-07-31 12:08:00.089,3837.47,profit_target,1.550000000000182,10347.499999999847
2025-07-31 12:09:00.150,3835.76,short,1,3837.0600000000004,3834.21,3170,11111,10347.499999999847,2025-07-31 12:09:00.150,3834.21,profit_target,1.550000000000182,10349.049999999846
2025-07-31 12:10:00.041,3834.3,short,1,3835.6000000000004,3832.75,3171,11111,10349.049999999846,2025-07-31 12:10:16.752,3835.6000000000004,stop_loss,-1.300000000000182,10347.749999999847
2025-07-31 12:17:49.190,3833.38,short,1,3834.6800000000003,3831.83,3178,11111,10347.749999999847,2025-07-31 12:17:49.190,3834.6800000000003,stop_loss,-1.300000000000182,10346.449999999848
2025-07-31 12:18:00.006,3840.01,short,1,3841.3100000000004,3838.46,3179,11111,10346.449999999848,2025-07-31 12:18:00.006,3838.46,profit_target,1.550000000000182,10347.999999999847
2025-07-31 12:27:58.899,3836.6,long,1,3835.2999999999997,3838.15,3188,11111,10347.999999999847,2025-07-31 12:28:17.533,3838.15,profit_target,1.550000000000182,10349.549999999846
2025-07-31 12:29:00.075,3834.44,long,1,3833.14,3835.9900000000002,3190,11111,10349.549999999846,2025-07-31 12:29:00.075,3835.9900000000002,profit_target,1.550000000000182,10351.099999999846
2025-07-31 12:30:30.328,3836.36,short,1,3837.6600000000003,3834.81,3191,11111,10351.099999999846,2025-07-31 12:30:30.328,3837.6600000000003,stop_loss,-1.300000000000182,10349.799999999846
2025-07-31 12:53:31.984,3831.13,short,1,3832.4300000000003,3829.58,3214,11111,10349.799999999846,2025-07-31 12:53:37.742,3832.4300000000003,stop_loss,-1.300000000000182,10348.499999999847
2025-07-31 12:54:00.451,3832.11,short,1,3833.4100000000003,3830.56,3215,11111,10348.499999999847,2025-07-31 12:54:04.127,3830.56,profit_target,1.550000000000182,10350.049999999846
2025-07-31 12:57:23.586,3832.67,long,1,3831.37,3834.2200000000003,3218,11111,10350.049999999846,2025-07-31 12:58:25.538,3834.2200000000003,profit_target,1.550000000000182,10351.599999999846
2025-07-31 12:59:00.335,3830.68,long,1,3829.3799999999997,3832.23,3220,11111,10351.599999999846,2025-07-31 12:59:00.335,3832.23,profit_target,1.550000000000182,10353.149999999845
2025-07-31 13:00:02.063,3833.04,long,1,3831.74,3834.59,3221,11111,10353.149999999845,2025-07-31 13:00:09.093,3831.74,stop_loss,-1.300000000000182,10351.849999999846
2025-07-31 13:41:06.144,3809.85,long,1,3808.5499999999997,3811.4,3262,11111,10351.849999999846,2025-07-31 13:41:10.810,3808.5499999999997,stop_loss,-1.300000000000182,10350.549999999846
2025-07-31 13:42:00.007,3806.03,long,1,3804.73,3807.5800000000004,3263,11111,10350.549999999846,2025-07-31 13:42:00.007,3807.5800000000004,profit_target,1.550000000000182,10352.099999999846
2025-07-31 13:43:00.025,3808.8,short,1,3810.1000000000004,3807.25,3264,11111,10352.099999999846,2025-07-31 13:43:00.777,3807.25,profit_target,1.550000000000182,10353.649999999845
2025-07-31 13:44:00.038,3807.62,short,1,3808.92,3806.0699999999997,3265,11111,10353.649999999845,2025-07-31 13:44:00.038,3806.0699999999997,profit_target,1.550000000000182,10355.199999999844
2025-07-31 13:45:00.035,3807.99,short,1,3809.29,3806.4399999999996,3266,11111,10355.199999999844,2025-07-31 13:45:00.035,3806.4399999999996,profit_target,1.550000000000182,10356.749999999844
2025-07-31 13:46:01.208,3794.5,short,1,3795.8,3792.95,3267,11111,10356.749999999844,2025-07-31 13:46:07.347,3795.8,stop_loss,-1.300000000000182,10355.449999999844
2025-07-31 13:50:16.531,3797.49,short,1,3798.79,3795.9399999999996,3271,11111,10355.449999999844,2025-07-31 13:50:27.553,3798.79,stop_loss,-1.300000000000182,10354.149999999845
2025-07-31 13:51:00.053,3803.11,short,1,3804.4100000000003,3801.56,3272,11111,10354.149999999845,2025-07-31 13:51:00.053,3801.56,profit_target,1.550000000000182,10355.699999999844
2025-07-31 13:52:01.117,3799.58,long,1,3798.2799999999997,3801.13,3273,11111,10355.699999999844,2025-07-31 13:52:22.084,3801.13,profit_target,1.550000000000182,10357.249999999844
2025-07-31 14:05:42.774,3799.41,short,1,3800.71,3797.8599999999997,3286,11111,10357.249999999844,2025-07-31 14:05:49.745,3800.71,stop_loss,-1.300000000000182,10355.949999999844
2025-07-31 14:06:00.005,3805.0,short,1,3806.3,3803.45,3287,11111,10355.949999999844,2025-07-31 14:06:00.005,3803.45,profit_target,1.550000000000182,10357.499999999844
2025-07-31 14:07:00.011,3802.04,short,1,3803.34,3800.49,3288,11111,10357.499999999844,2025-07-31 14:07:07.187,3800.49,profit_target,1.550000000000182,10359.049999999843
2025-07-31 14:08:00.016,3798.63,long,1,3797.33,3800.1800000000003,3289,11111,10359.049999999843,2025-07-31 14:08:00.016,3800.1800000000003,profit_target,1.550000000000182,10360.599999999842
2025-07-31 14:33:30.865,3769.05,short,1,3770.3500000000004,3767.5,3314,11111,10360.599999999842,2025-07-31 14:34:14.763,3770.3500000000004,stop_loss,-1.300000000000182,10359.299999999843
2025-07-31 14:40:37.022,3773.52,short,1,3774.82,3771.97,3321,11111,10359.299999999843,2025-07-31 14:40:39.458,3774.82,stop_loss,-1.300000000000182,10357.999999999844
2025-07-31 14:41:00.088,3776.44,short,1,3777.7400000000002,3774.89,3322,11111,10357.999999999844,2025-07-31 14:41:01.194,3774.89,profit_target,1.550000000000182,10359.549999999843
2025-07-31 14:42:00.463,3777.32,short,1,3778.6200000000003,3775.77,3323,11111,10359.549999999843,2025-07-31 14:42:27.780,3775.77,profit_target,1.550000000000182,10361.099999999842
2025-07-31 14:43:00.021,3775.0,short,1,3776.3,3773.45,3324,11111,10361.099999999842,2025-07-31 14:43:00.021,3773.45,profit_target,1.550000000000182,10362.649999999841
2025-07-31 14:48:32.479,3777.76,long,1,3776.46,3779.3100000000004,3329,11111,10362.649999999841,2025-07-31 14:48:55.615,3779.3100000000004,profit_target,1.550000000000182,10364.19999999984
2025-07-31 14:49:00.016,3768.32,long,1,3767.02,3769.8700000000003,3330,11111,10364.19999999984,2025-07-31 14:49:00.016,3769.8700000000003,profit_target,1.550000000000182,10365.74999999984
2025-07-31 14:50:00.067,3773.59,long,1,3772.29,3775.1400000000003,3331,11111,10365.74999999984,2025-07-31 14:50:00.067,3775.1400000000003,profit_target,1.550000000000182,10367.29999999984
2025-07-31 15:12:01.729,3767.4,long,1,3766.1,3768.9500000000003,3353,11111,10367.29999999984,2025-07-31 15:12:09.943,3768.9500000000003,profit_target,1.550000000000182,10368.849999999838
2025-07-31 15:34:00.032,3792.43,long,1,3791.1299999999997,3793.98,3375,11111,10368.849999999838,2025-07-31 15:34:06.025,3791.1299999999997,stop_loss,-1.300000000000182,10367.54999999984
2025-07-31 15:37:53.311,3793.42,long,1,3792.12,3794.9700000000003,3378,11111,10367.54999999984,2025-07-31 15:38:50.171,3792.12,stop_loss,-1.300000000000182,10366.24999999984
2025-07-31 15:39:00.143,3789.5,long,1,3788.2,3791.05,3380,11111,10366.24999999984,2025-07-31 15:39:00.143,3791.05,profit_target,1.550000000000182,10367.79999999984
2025-07-31 15:40:07.001,3793.5,short,1,3794.8,3791.95,3381,11111,10367.79999999984,2025-07-31 15:40:24.806,3791.95,profit_target,1.550000000000182,10369.349999999838
2025-07-31 15:43:28.400,3792.85,long,1,3791.5499999999997,3794.4,3384,11111,10369.349999999838,2025-07-31 15:44:30.699,3794.4,profit_target,1.550000000000182,10370.899999999838
2025-07-31 15:45:00.071,3789.06,long,1,3787.7599999999998,3790.61,3386,11111,10370.899999999838,2025-07-31 15:45:00.071,3790.61,profit_target,1.550000000000182,10372.449999999837
2025-07-31 15:46:00.291,3793.73,short,1,3795.03,3792.18,3387,11111,10372.449999999837,2025-07-31 15:46:28.889,3792.18,profit_target,1.550000000000182,10373.999999999836
2025-07-31 15:47:00.222,3791.99,long,1,3790.6899999999996,3793.54,3388,11111,10373.999999999836,2025-07-31 15:47:00.222,3793.54,profit_target,1.550000000000182,10375.549999999836
2025-07-31 16:09:00.015,3789.65,short,1,3790.9500000000003,3788.1,3410,11111,10375.549999999836,2025-07-31 16:09:14.008,3788.1,profit_target,1.550000000000182,10377.099999999835
2025-07-31 16:10:00.026,3788.76,short,1,3790.0600000000004,3787.21,3411,11111,10377.099999999835,2025-07-31 16:10:00.026,3787.21,profit_target,1.550000000000182,10378.649999999834
2025-07-31 16:11:00.108,3788.69,short,1,3789.9900000000002,3787.14,3412,11111,10378.649999999834,2025-07-31 16:11:00.108,3787.14,profit_target,1.550000000000182,10380.199999999833
2025-07-31 16:12:00.119,3781.48,long,1,3780.18,3783.03,3413,11111,10380.199999999833,2025-07-31 16:12:00.119,3783.03,profit_target,1.550000000000182,10381.749999999833
2025-07-31 16:13:00.009,3780.44,long,1,3779.14,3781.9900000000002,3414,11111,10381.749999999833,2025-07-31 16:13:00.009,3781.9900000000002,profit_target,1.550000000000182,10383.299999999832
2025-07-31 16:14:00.034,3785.08,long,1,3783.7799999999997,3786.63,3415,11111,10383.299999999832,2025-07-31 16:14:00.034,3786.63,profit_target,1.550000000000182,10384.849999999831
2025-07-31 16:15:02.495,3789.43,short,1,3790.73,3787.8799999999997,3416,11111,10384.849999999831,2025-07-31 16:15:12.168,3790.73,stop_loss,-1.300000000000182,10383.549999999832
2025-07-31 16:16:00.040,3790.16,long,1,3788.8599999999997,3791.71,3417,11111,10383.549999999832,2025-07-31 16:16:00.040,3791.71,profit_target,1.550000000000182,10385.099999999831
2025-07-31 16:17:00.018,3789.87,long,1,3788.5699999999997,3791.42,3418,11111,10385.099999999831,2025-07-31 16:17:00.018,3791.42,profit_target,1.550000000000182,10386.64999999983
2025-07-31 16:18:11.288,3795.57,short,1,3796.8700000000003,3794.02,3419,11111,10386.64999999983,2025-07-31 16:19:13.905,3796.8700000000003,stop_loss,-1.300000000000182,10385.349999999831
2025-07-31 16:20:00.105,3797.55,short,1,3798.8500000000004,3796.0,3421,11111,10385.349999999831,2025-07-31 16:20:00.105,3796.0,profit_target,1.550000000000182,10386.89999999983
2025-07-31 16:29:05.096,3795.13,long,1,3793.83,3796.6800000000003,3430,11111,10386.89999999983,2025-07-31 16:29:15.230,3793.83,stop_loss,-1.300000000000182,10385.599999999831
2025-07-31 16:51:00.225,3794.67,long,1,3793.37,3796.2200000000003,3452,11111,10385.599999999831,2025-07-31 16:51:00.225,3796.2200000000003,profit_target,1.550000000000182,10387.14999999983
2025-07-31 16:52:00.367,3795.66,long,1,3794.3599999999997,3797.21,3453,11111,10387.14999999983,2025-07-31 16:52:08.840,3797.21,profit_target,1.550000000000182,10388.69999999983
2025-07-31 16:53:00.125,3798.35,long,1,3797.0499999999997,3799.9,3454,11111,10388.69999999983,2025-07-31 16:53:12.790,3799.9,profit_target,1.550000000000182,10390.249999999829
2025-07-31 17:00:58.357,3795.66,short,1,3796.96,3794.1099999999997,3461,11111,10390.249999999829,2025-07-31 17:01:05.260,3794.1099999999997,profit_target,1.550000000000182,10391.799999999828
2025-07-31 17:02:00.096,3801.93,short,1,3803.23,3800.3799999999997,3463,11111,10391.799999999828,2025-07-31 17:02:00.096,3800.3799999999997,profit_target,1.550000000000182,10393.349999999828
2025-07-31 17:10:23.092,3795.07,long,1,3793.77,3796.6200000000003,3471,11111,10393.349999999828,2025-07-31 17:10:56.259,3793.77,stop_loss,-1.300000000000182,10392.049999999828
2025-07-31 17:11:00.015,3788.81,long,1,3787.5099999999998,3790.36,3472,11111,10392.049999999828,2025-07-31 17:11:00.015,3790.36,profit_target,1.550000000000182,10393.599999999828
2025-07-31 17:13:26.663,3791.33,short,1,3792.63,3789.7799999999997,3474,11111,10393.599999999828,2025-07-31 17:13:50.441,3789.7799999999997,profit_target,1.550000000000182,10395.149999999827
2025-07-31 17:14:00.005,3793.49,short,1,3794.79,3791.9399999999996,3475,11111,10395.149999999827,2025-07-31 17:14:00.005,3791.9399999999996,profit_target,1.550000000000182,10396.699999999826
2025-07-31 17:17:07.257,3793.27,long,1,3791.97,3794.82,3478,11111,10396.699999999826,2025-07-31 17:17:08.896,3794.82,profit_target,1.550000000000182,10398.249999999825
2025-07-31 17:18:00.054,3785.06,long,1,3783.7599999999998,3786.61,3479,11111,10398.249999999825,2025-07-31 17:18:00.054,3786.61,profit_target,1.550000000000182,10399.799999999825
2025-07-31 17:19:00.011,3792.65,short,1,3793.9500000000003,3791.1,3480,11111,10399.799999999825,2025-07-31 17:19:00.011,3791.1,profit_target,1.550000000000182,10401.349999999824
2025-07-31 17:41:00.171,3784.86,short,1,3786.1600000000003,3783.31,3502,11111,10401.349999999824,2025-07-31 17:41:00.171,3783.31,profit_target,1.550000000000182,10402.899999999823
2025-07-31 17:42:00.199,3786.43,short,1,3787.73,3784.8799999999997,3503,11111,10402.899999999823,2025-07-31 17:42:38.872,3784.8799999999997,profit_target,1.550000000000182,10404.449999999822
2025-07-31 17:43:00.080,3783.17,long,1,3781.87,3784.7200000000003,3504,11111,10404.449999999822,2025-07-31 17:43:28.986,3781.87,stop_loss,-1.300000000000182,10403.149999999823
2025-07-31 17:45:00.062,3786.45,long,1,3785.1499999999996,3788.0,3506,11111,10403.149999999823,2025-07-31 17:45:01.667,3788.0,profit_target,1.550000000000182,10404.699999999822
2025-07-31 17:48:27.511,3777.41,short,1,3778.71,3775.8599999999997,3509,11111,10404.699999999822,2025-07-31 17:48:40.880,3778.71,stop_loss,-1.300000000000182,10403.399999999823
2025-07-31 17:49:00.009,3788.81,short,1,3790.11,3787.2599999999998,3510,11111,10403.399999999823,2025-07-31 17:49:00.009,3787.2599999999998,profit_target,1.550000000000182,10404.949999999822
2025-07-31 18:11:00.024,3761.59,short,1,3762.8900000000003,3760.04,3532,11111,10404.949999999822,2025-07-31 18:11:00.024,3760.04,profit_target,1.550000000000182,10406.499999999822
2025-07-31 18:12:09.348,3753.05,long,1,3751.75,3754.6000000000004,3533,11111,10406.499999999822,2025-07-31 18:12:17.699,3754.6000000000004,profit_target,1.550000000000182,10408.049999999821
2025-07-31 18:15:16.873,3749.96,short,1,3751.26,3748.41,3536,11111,10408.049999999821,2025-07-31 18:15:33.772,3751.26,stop_loss,-1.300000000000182,10406.749999999822
2025-07-31 18:17:03.420,3754.43,long,1,3753.1299999999997,3755.98,3538,11111,10406.749999999822,2025-07-31 18:17:17.184,3753.1299999999997,stop_loss,-1.300000000000182,10405.449999999822
2025-07-31 18:18:00.017,3750.5,long,1,3749.2,3752.05,3539,11111,10405.449999999822,2025-07-31 18:18:00.017,3752.05,profit_target,1.550000000000182,10406.999999999822
2025-07-31 18:40:52.550,3783.1,long,1,3781.7999999999997,3784.65,3561,11111,10406.999999999822,2025-07-31 18:41:02.753,3784.65,profit_target,1.550000000000182,10408.549999999821
2025-07-31 18:42:00.010,3780.39,long,1,3779.0899999999997,3781.94,3563,11111,10408.549999999821,2025-07-31 18:42:02.723,3781.94,profit_target,1.550000000000182,10410.09999999982
2025-07-31 18:46:10.043,3782.91,long,1,3781.6099999999997,3784.46,3567,11111,10410.09999999982,2025-07-31 18:46:12.269,3784.46,profit_target,1.550000000000182,10411.64999999982
2025-07-31 18:47:00.009,3779.65,long,1,3778.35,3781.2000000000003,3568,11111,10411.64999999982,2025-07-31 18:47:00.009,3781.2000000000003,profit_target,1.550000000000182,10413.199999999819
2025-07-31 18:48:00.006,3782.84,long,1,3781.54,3784.3900000000003,3569,11111,10413.199999999819,2025-07-31 18:48:00.006,3784.3900000000003,profit_target,1.550000000000182,10414.749999999818
2025-07-31 19:10:19.809,3769.51,long,1,3768.21,3771.0600000000004,3591,11111,10414.749999999818,2025-07-31 19:10:29.637,3768.21,stop_loss,-1.300000000000182,10413.449999999819
2025-07-31 19:11:00.091,3765.33,long,1,3764.0299999999997,3766.88,3592,11111,10413.449999999819,2025-07-31 19:11:20.152,3764.0299999999997,stop_loss,-1.300000000000182,10412.14999999982
2025-07-31 19:12:00.088,3767.65,short,1,3768.9500000000003,3766.1,3593,11111,10412.14999999982,2025-07-31 19:12:00.088,3766.1,profit_target,1.550000000000182,10413.699999999819
2025-07-31 19:34:00.119,3757.55,short,1,3758.8500000000004,3756.0,3615,11111,10413.699999999819,2025-07-31 19:34:00.119,3756.0,profit_target,1.550000000000182,10415.249999999818
2025-07-31 19:37:25.115,3756.51,long,1,3755.21,3758.0600000000004,3618,11111,10415.249999999818,2025-07-31 19:37:27.203,3755.21,stop_loss,-1.300000000000182,10413.949999999819
2025-07-31 19:39:02.986,3745.71,short,1,3747.01,3744.16,3620,11111,10413.949999999819,2025-07-31 19:39:12.759,3747.01,stop_loss,-1.300000000000182,10412.64999999982
2025-07-31 19:42:48.238,3753.96,long,1,3752.66,3755.51,3623,11111,10412.64999999982,2025-07-31 19:43:09.163,3755.51,profit_target,1.550000000000182,10414.199999999819
2025-07-31 19:44:00.001,3750.7,short,1,3752.0,3749.1499999999996,3625,11111,10414.199999999819,2025-07-31 19:44:00.001,3749.1499999999996,profit_target,1.550000000000182,10415.749999999818
2025-07-31 20:07:37.532,3734.76,long,1,3733.46,3736.3100000000004,3648,11111,10415.749999999818,2025-07-31 20:07:41.459,3733.46,stop_loss,-1.300000000000182,10414.449999999819
2025-07-31 20:08:30.083,3725.39,short,1,3726.69,3723.8399999999997,3649,11111,10414.449999999819,2025-07-31 20:08:30.083,3726.69,stop_loss,-1.300000000000182,10413.14999999982
2025-07-31 20:09:00.113,3724.56,short,1,3725.86,3723.0099999999998,3650,11111,10413.14999999982,2025-07-31 20:09:00.113,3723.0099999999998,profit_target,1.550000000000182,10414.699999999819
2025-07-31 20:10:00.057,3729.96,short,1,3731.26,3728.41,3651,11111,10414.699999999819,2025-07-31 20:10:00.057,3728.41,profit_target,1.550000000000182,10416.249999999818
2025-07-31 20:11:00.033,3722.41,short,1,3723.71,3720.8599999999997,3652,11111,10416.249999999818,2025-07-31 20:11:00.033,3720.8599999999997,profit_target,1.550000000000182,10417.799999999817
2025-07-31 20:12:00.134,3718.43,long,1,3717.1299999999997,3719.98,3653,11111,10417.799999999817,2025-07-31 20:12:00.134,3719.98,profit_target,1.550000000000182,10419.349999999817
2025-07-31 20:13:00.106,3717.05,long,1,3715.75,3718.6000000000004,3654,11111,10419.349999999817,2025-07-31 20:13:00.106,3718.6000000000004,profit_target,1.550000000000182,10420.899999999816
2025-07-31 20:17:09.157,3721.55,short,1,3722.8500000000004,3720.0,3658,11111,10420.899999999816,2025-07-31 20:17:09.157,3722.8500000000004,stop_loss,-1.300000000000182,10419.599999999817
2025-07-31 20:18:15.616,3724.05,short,1,3725.3500000000004,3722.5,3659,11111,10419.599999999817,2025-07-31 20:18:30.805,3725.3500000000004,stop_loss,-1.300000000000182,10418.299999999817
2025-07-31 20:34:16.268,3723.82,short,1,3725.1200000000003,3722.27,3675,11111,10418.299999999817,2025-07-31 20:34:17.173,3722.27,profit_target,1.550000000000182,10419.849999999817
2025-07-31 20:35:00.009,3732.96,short,1,3734.26,3731.41,3676,11111,10419.849999999817,2025-07-31 20:35:00.009,3731.41,profit_target,1.550000000000182,10421.399999999816
2025-07-31 20:57:00.008,3730.86,long,1,3729.56,3732.4100000000003,3698,11111,10421.399999999816,2025-07-31 20:57:04.370,3732.4100000000003,profit_target,1.550000000000182,10422.949999999815
2025-07-31 21:00:02.480,3731.33,short,1,3732.63,3729.7799999999997,3701,11111,10422.949999999815,2025-07-31 21:00:51.793,3732.63,stop_loss,-1.300000000000182,10421.649999999816
2025-07-31 21:01:33.176,3735.49,long,1,3734.1899999999996,3737.04,3702,11111,10421.649999999816,2025-07-31 21:03:25.653,3734.1899999999996,stop_loss,-1.300000000000182,10420.349999999817
2025-07-31 21:04:00.108,3736.02,short,1,3737.32,3734.47,3705,11111,10420.349999999817,2025-07-31 21:04:18.647,3737.32,stop_loss,-1.300000000000182,10419.049999999817
2025-07-31 21:05:00.101,3736.91,long,1,3735.6099999999997,3738.46,3706,11111,10419.049999999817,2025-07-31 21:05:00.101,3738.46,profit_target,1.550000000000182,10420.599999999817
2025-07-31 21:27:02.100,3740.43,short,1,3741.73,3738.8799999999997,3728,11111,10420.599999999817,2025-07-31 21:27:02.100,3741.73,stop_loss,-1.300000000000182,10419.299999999817
2025-07-31 22:10:00.005,3715.69,short,1,3716.9900000000002,3714.14,3771,11111,10419.299999999817,2025-07-31 22:10:00.005,3714.14,profit_target,1.550000000000182,10420.849999999817
2025-07-31 22:11:26.083,3711.5,short,1,3712.8,3709.95,3772,11111,10420.849999999817,2025-07-31 22:11:40.691,3709.95,profit_target,1.550000000000182,10422.399999999816
2025-07-31 22:12:00.536,3713.64,long,1,3712.3399999999997,3715.19,3773,11111,10422.399999999816,2025-07-31 22:12:19.241,3715.19,profit_target,1.550000000000182,10423.949999999815
2025-07-31 22:13:01.348,3716.17,short,1,3717.4700000000003,3714.62,3774,11111,10423.949999999815,2025-07-31 22:13:39.240,3714.62,profit_target,1.550000000000182,10425.499999999814
2025-07-31 22:23:44.167,3712.52,short,1,3713.82,3710.97,3784,11111,10425.499999999814,2025-07-31 22:23:50.115,3713.82,stop_loss,-1.300000000000182,10424.199999999815
2025-07-31 22:50:14.160,3709.36,long,1,3708.06,3710.9100000000003,3811,11111,10424.199999999815,2025-07-31 22:50:14.160,3708.06,stop_loss,-1.300000000000182,10422.899999999816
2025-07-31 23:12:00.034,3714.28,long,1,3712.98,3715.8300000000004,3833,11111,10422.899999999816,2025-07-31 23:12:00.034,3715.8300000000004,profit_target,1.550000000000182,10424.449999999815
2025-07-31 23:13:00.036,3719.29,long,1,3717.99,3720.84,3834,11111,10424.449999999815,2025-07-31 23:13:00.036,3720.84,profit_target,1.550000000000182,10425.999999999814
2025-07-31 23:14:00.126,3720.45,long,1,3719.1499999999996,3722.0,3835,11111,10425.999999999814,2025-07-31 23:14:00.126,3722.0,profit_target,1.550000000000182,10427.549999999814
2025-07-31 23:15:00.131,3722.68,long,1,3721.3799999999997,3724.23,3836,11111,10427.549999999814,2025-07-31 23:15:00.131,3724.23,profit_target,1.550000000000182,10429.099999999813
2025-07-31 23:37:00.002,3697.65,long,1,3696.35,3699.2000000000003,3858,11111,10429.099999999813,2025-07-31 23:37:01.530,3699.2000000000003,profit_target,1.550000000000182,10430.649999999812
2025-07-31 23:39:21.164,3697.41,long,1,3696.1099999999997,3698.96,3860,11111,10430.649999999812,2025-07-31 23:39:36.675,3698.96,profit_target,1.550000000000182,10432.199999999812
2025-07-31 23:40:00.131,3691.97,long,1,3690.6699999999996,3693.52,3861,11111,10432.199999999812,2025-07-31 23:40:00.131,3693.52,profit_target,1.550000000000182,10433.74999999981
2025-07-31 23:41:00.043,3693.5,short,1,3694.8,3691.95,3862,11111,10433.74999999981,2025-07-31 23:41:00.043,3691.95,profit_target,1.550000000000182,10435.29999999981
2025-07-31 23:43:33.776,3693.94,long,1,3692.64,3695.4900000000002,3864,11111,10435.29999999981,2025-07-31 23:43:39.317,3695.4900000000002,profit_target,1.550000000000182,10436.84999999981
2025-07-31 23:44:00.083,3685.06,long,1,3683.7599999999998,3686.61,3865,11111,10436.84999999981,2025-07-31 23:44:00.083,3686.61,profit_target,1.550000000000182,10438.399999999809
2025-07-31 23:45:00.162,3687.19,long,1,3685.89,3688.7400000000002,3866,11111,10438.399999999809,2025-07-31 23:45:00.162,3688.7400000000002,profit_target,1.550000000000182,10439.949999999808
2025-07-31 23:46:01.450,3696.24,short,1,3697.54,3694.6899999999996,3867,11111,10439.949999999808,2025-07-31 23:46:01.450,3697.54,stop_loss,-1.300000000000182,10438.649999999809
2025-07-31 23:48:03.281,3694.1,long,1,3692.7999999999997,3695.65,3869,11111,10438.649999999809,2025-07-31 23:48:40.264,3695.65,profit_target,1.550000000000182,10440.199999999808
2025-07-31 23:52:14.795,3689.97,short,1,3691.27,3688.4199999999996,3873,11111,10440.199999999808,2025-07-31 23:52:19.640,3688.4199999999996,profit_target,1.550000000000182,10441.749999999807
2025-07-31 23:53:00.066,3694.65,short,1,3695.9500000000003,3693.1,3874,11111,10441.749999999807,2025-07-31 23:53:00.066,3693.1,profit_target,1.550000000000182,10443.299999999806
